OpenTime,CloseTime,Side,Entry,Exit,Reason,Lots,Commission,NetProfit
2020-01-08 13:00:00,2020-01-08 23:00:00,BUY,1.0912635419136005,1.0919952036643674,tp,0.1,0.7000000000000001,6.616617507668877
2020-01-09 07:00:00,2020-01-09 10:00:00,SELL,1.090321465857978,1.089306367681937,tp,0.1,0.7000000000000001,9.45098176041063
2020-01-10 02:00:00,2020-01-11 03:00:00,BUY,1.0915976567674228,1.0901443368578991,sl,0.1,0.7000000000000001,-15.23319909523687
2020-01-11 04:00:00,2020-01-11 07:00:00,SELL,1.09031985830574,1.0909400364930537,sl,0.1,0.7000000000000001,-6.9017818731363585
2020-01-11 19:00:00,2020-01-12 01:00:00,BUY,1.0910077227190518,1.0904812046715757,signal,0.1,0.7000000000000001,-5.965180474760545
2020-01-12 01:00:00,2020-01-12 06:00:00,SELL,1.0904812046715757,1.0909655668598357,sl,0.1,0.7000000000000001,-5.543621882599791
2020-01-12 08:00:00,2020-01-12 10:00:00,BUY,1.0912798531256078,1.090723505373234,sl,0.1,0.7000000000000001,-6.26347752373787
2020-01-12 12:00:00,2020-01-13 05:00:00,SELL,1.0903528173344494,1.0909533161416287,sl,0.1,0.7000000000000001,-6.7049880717927275
2020-01-13 07:00:00,2020-01-13 09:00:00,BUY,1.0911096534683573,1.0903123423336472,sl,0.1,0.7000000000000001,-8.673111347101548
2020-01-13 10:00:00,2020-01-13 12:00:00,SELL,1.089992251172656,1.0888796105974599,tp,0.1,0.7000000000000001,10.426405751962223
2020-01-14 09:00:00,2020-01-14 12:00:00,BUY,1.090347227710327,1.089249513822135,sl,0.1,0.7000000000000001,-11.6771388819202
2020-01-14 18:00:00,2020-01-14 19:00:00,SELL,1.0880832218035286,1.089232791108933,sl,0.1,0.7000000000000001,-12.195693054044408
2020-01-14 23:00:00,2020-01-15 04:00:00,BUY,1.0901230871788559,1.088884469920081,sl,0.1,0.7000000000000001,-13.086172587748322
2020-01-15 07:00:00,2020-01-15 09:00:00,SELL,1.08806299053263,1.0893966539752409,sl,0.1,0.7000000000000001,-14.036634426108773
2020-01-18 16:00:00,2020-01-18 18:00:00,BUY,1.0842995192102078,1.082978292870318,sl,0.1,0.7000000000000001,-13.912263398898471
2020-01-18 19:00:00,2020-01-20 07:00:00,SELL,1.082675817309685,1.0806396228294624,tp,0.1,0.7000000000000001,19.661944802227417
2020-01-21 11:00:00,2020-01-22 01:00:00,BUY,1.0813946112287347,1.0819144452415141,tp,0.1,0.7000000000000001,4.4983401277944095
2020-01-23 11:00:00,2020-01-24 10:00:00,SELL,1.0816845170457674,1.0811038654782599,tp,0.1,0.7000000000000001,5.106515675075285
2020-01-26 02:00:00,2020-01-26 18:00:00,BUY,1.0817433834053294,1.0809618665073422,sl,0.1,0.7000000000000001,-8.515168979872223
2020-01-28 03:00:00,2020-01-28 05:00:00,SELL,1.0810710209789904,1.079297277372785,tp,0.1,0.7000000000000001,17.03743606205525
2020-01-29 03:00:00,2020-01-29 11:00:00,BUY,1.0815134097575951,1.079517905866145,sl,0.1,0.7000000000000001,-20.655038914500903
2020-01-29 12:00:00,2020-01-30 19:00:00,SELL,1.0787098377991193,1.0799182655299968,signal,0.1,0.7000000000000001,-12.784277308774815
2020-01-30 19:00:00,2020-01-31 06:00:00,BUY,1.0799182655299968,1.0837211002493674,tp,0.1,0.7000000000000001,37.32834719370596
2020-02-01 18:00:00,2020-02-01 23:00:00,SELL,1.0839046907459045,1.0817589752185974,tp,0.1,0.7000000000000001,20.757155273070243
2020-02-03 14:00:00,2020-02-03 18:00:00,BUY,1.0818162168312797,1.0810417013340097,sl,0.1,0.7000000000000001,-8.44515497270034
2020-02-03 23:00:00,2020-02-04 18:00:00,SELL,1.0793124699467533,1.0780268810223912,tp,0.1,0.7000000000000001,12.155889243621466
2020-02-05 13:00:00,2020-02-05 17:00:00,BUY,1.079151228624297,1.0796159275832542,tp,0.1,0.7000000000000001,3.9469895895717704
2020-02-06 07:00:00,2020-02-06 15:00:00,SELL,1.0782605755667942,1.0771245089221204,tp,0.1,0.7000000000000001,10.660666446738055
2020-02-08 01:00:00,2020-02-08 06:00:00,BUY,1.0764622926510516,1.0805057625814742,tp,0.1,0.7000000000000001,39.73469930422594
2020-02-10 12:00:00,2020-02-12 10:00:00,SELL,1.076313934768219,1.0786931384616028,signal,0.1,0.7000000000000001,-24.492036933838467
2020-02-12 10:00:00,2020-02-14 16:00:00,BUY,1.0786931384616028,1.0782535790017673,signal,0.1,0.7000000000000001,-5.095594598354258
2020-02-14 16:00:00,2020-02-14 23:00:00,SELL,1.0782535790017673,1.0766852429616338,tp,0.1,0.7000000000000001,14.983360401335112
2020-02-16 12:00:00,2020-02-17 12:00:00,BUY,1.0770227185948134,1.0762983235175692,signal,0.1,0.7000000000000001,-7.943950772441998
2020-02-17 12:00:00,2020-02-17 19:00:00,SELL,1.0762983235175692,1.07494994880949,tp,0.1,0.7000000000000001,12.783747080791365
2020-02-19 05:00:00,2020-02-19 10:00:00,BUY,1.075474342767644,1.0744943678067527,sl,0.1,0.7000000000000001,-10.499749608914167
2020-02-19 13:00:00,2020-02-19 18:00:00,SELL,1.0744573425444253,1.0735429914687404,tp,0.1,0.7000000000000001,8.443510756848273
2020-02-21 08:00:00,2020-02-21 11:00:00,BUY,1.0729538072450593,1.0742117044770148,tp,0.1,0.7000000000000001,11.878972319554627
2020-02-22 07:00:00,2020-02-23 05:00:00,SELL,1.0724532546813088,1.07461827386862,sl,0.1,0.7000000000000001,-22.350191873112678
2020-02-23 07:00:00,2020-02-23 12:00:00,BUY,1.0752316892131304,1.077592162123693,tp,0.1,0.7000000000000001,22.904729105626277
2020-02-25 03:00:00,2020-02-25 05:00:00,SELL,1.082747975531594,1.084812391766572,signal,0.1,0.7000000000000001,-21.344162349778838
2020-02-25 05:00:00,2020-02-25 07:00:00,BUY,1.084812391766572,1.082288577831052,signal,0.1,0.7000000000000001,-25.93813935519925
2020-02-25 07:00:00,2020-02-25 16:00:00,SELL,1.082288577831052,1.0777072069816571,tp,0.1,0.7000000000000001,45.11370849394917
2020-02-26 12:00:00,2020-02-27 20:00:00,BUY,1.0810866028950965,1.0838530502149681,tp,0.1,0.7000000000000001,26.964473198716345
2020-02-28 08:00:00,2020-02-28 10:00:00,SELL,1.0814912314743093,1.082887104809009,sl,0.1,0.7000000000000001,-14.658733346997042
2020-02-28 13:00:00,2020-02-28 16:00:00,BUY,1.0840923551228818,1.0825499640143603,sl,0.1,0.7000000000000001,-16.123911085215013
2020-03-03 15:00:00,2020-03-03 19:00:00,SELL,1.0904555549881554,1.091850430858047,sl,0.1,0.7000000000000001,-14.648758698916208
2020-03-04 15:00:00,2020-03-05 01:00:00,BUY,1.0922097181418677,1.0966707779325549,tp,0.1,0.7000000000000001,43.91059790687116
2020-03-05 11:00:00,2020-03-05 22:00:00,SELL,1.0873138609328705,1.0919531388005688,sl,0.1,0.7000000000000001,-47.09277867698244
2020-03-06 03:00:00,2020-03-06 05:00:00,BUY,1.0926703589638118,1.0968202319446636,tp,0.1,0.7000000000000001,40.79872980851788
2020-03-07 11:00:00,2020-03-09 06:00:00,SELL,1.093549244005747,1.0951210852681752,signal,0.1,0.7000000000000001,-16.41841262428153
2020-03-09 06:00:00,2020-03-09 20:00:00,BUY,1.0951210852681752,1.0941319778857195,sl,0.1,0.7000000000000001,-10.591073824557228
2020-03-09 23:00:00,2020-03-10 03:00:00,SELL,1.0934142543145038,1.0942698087365006,sl,0.1,0.7000000000000001,-9.255544219968069
2020-03-11 16:00:00,2020-03-12 02:00:00,BUY,1.0924204977546923,1.0931287151422546,tp,0.1,0.7000000000000001,6.382173875623266
2020-03-12 12:00:00,2020-03-13 04:00:00,SELL,1.0917364889385164,1.0911584019377023,tp,0.1,0.7000000000000001,5.080870008140759
2020-03-13 15:00:00,2020-03-14 10:00:00,BUY,1.092398266921451,1.091727298171074,sl,0.1,0.7000000000000001,-7.409687503769769
2020-03-15 12:00:00,2020-03-15 22:00:00,SELL,1.092801747809165,1.0934451853056992,signal,0.1,0.7000000000000001,-7.134374965342826
2020-03-15 22:00:00,2020-03-16 19:00:00,BUY,1.0934451853056992,1.094803713879891,tp,0.1,0.7000000000000001,12.8852857419172
2020-03-19 03:00:00,2020-03-19 20:00:00,SELL,1.0958669876511697,1.0967231489008116,signal,0.1,0.7000000000000001,-9.26161249641829
2020-03-19 20:00:00,2020-03-19 21:00:00,BUY,1.0967231489008116,1.0947590339861124,signal,0.1,0.7000000000000001,-20.341149146991665
2020-03-19 21:00:00,2020-03-20 06:00:00,SELL,1.0947590339861124,1.0977201315565355,sl,0.1,0.7000000000000001,-30.310975704230657
2020-03-20 08:00:00,2020-03-20 16:00:00,BUY,1.098125688263339,1.0952482656894784,sl,0.1,0.7000000000000001,-29.474225738605885
2020-03-21 13:00:00,2020-03-22 05:00:00,SELL,1.095208896011448,1.0983801588952746,signal,0.1,0.7000000000000001,-32.4126288382652
2020-03-22 05:00:00,2020-03-22 18:00:00,BUY,1.0983801588952746,1.103414882385494,tp,0.1,0.7000000000000001,49.64723490219273
2020-03-23 11:00:00,2020-03-23 19:00:00,SELL,1.0968569092260994,1.0989469791947295,sl,0.1,0.7000000000000001,-21.600699686301482
2020-03-24 06:00:00,2020-03-25 10:00:00,BUY,1.1004316346337002,1.1039183336259155,tp,0.1,0.7000000000000001,34.1669899221532
2020-03-26 00:00:00,2020-03-26 12:00:00,SELL,1.1019857296004467,1.1005240567358983,tp,0.1,0.7000000000000001,13.91672864548458
2020-03-27 05:00:00,2020-03-27 19:00:00,BUY,1.1027515002314634,1.1053733839155728,tp,0.1,0.7000000000000001,25.518836841094277
2020-03-29 08:00:00,2020-03-29 22:00:00,SELL,1.1052260678967842,1.1077217830726036,sl,0.1,0.7000000000000001,-25.657151758193688
2020-03-30 00:00:00,2020-03-30 02:00:00,BUY,1.1087692213083689,1.1063036456154012,sl,0.1,0.7000000000000001,-25.35575692967681
2020-03-30 06:00:00,2020-03-31 00:00:00,SELL,1.1035322954586193,1.099338199095862,tp,0.1,0.7000000000000001,41.240963627573606
2020-04-02 16:00:00,2020-04-02 21:00:00,BUY,1.0909594975305208,1.0901776794177227,sl,0.1,0.7000000000000001,-8.518181127980938
2020-04-03 01:00:00,2020-04-03 11:00:00,SELL,1.0898423028853286,1.0909886506707007,sl,0.1,0.7000000000000001,-12.163477853721483
2020-04-03 14:00:00,2020-04-03 18:00:00,BUY,1.0906829095364219,1.0920046077405965,tp,0.1,0.7000000000000001,12.51698204174604
2020-04-04 00:00:00,2020-04-04 10:00:00,SELL,1.0892648125929334,1.0907487209177473,sl,0.1,0.7000000000000001,-15.539083248139317
2020-04-06 07:00:00,2020-04-06 16:00:00,BUY,1.0876432285595834,1.0869789738571278,signal,0.1,0.7000000000000001,-7.34254702455569
2020-04-06 16:00:00,2020-04-06 22:00:00,SELL,1.0869789738571278,1.0879509189739562,sl,0.1,0.7000000000000001,-10.419451168284098
2020-04-07 00:00:00,2020-04-07 05:00:00,BUY,1.0882642543128052,1.0895542995933303,tp,0.1,0.7000000000000001,12.200452805251206
2020-04-10 20:00:00,2020-04-11 01:00:00,SELL,1.0930889537634363,1.0916971749939848,tp,0.1,0.7000000000000001,13.217787694515128
2020-04-12 00:00:00,2020-04-12 01:00:00,BUY,1.0944103654353419,1.0927099440536894,sl,0.1,0.7000000000000001,-17.70421381652495
2020-04-12 12:00:00,2020-04-12 14:00:00,SELL,1.091764861439006,1.0896800965898732,tp,0.1,0.7000000000000001,20.147648491328923
2020-04-14 02:00:00,2020-04-14 02:00:00,BUY,1.0898199508446034,1.0881055906814954,sl,0.1,0.7000000000000001,-17.843601631079974
2020-04-15 00:00:00,2020-04-15 09:00:00,SELL,1.086265179017486,1.087772672145957,sl,0.1,0.7000000000000001,-15.774931284710936
2020-04-15 14:00:00,2020-04-16 09:00:00,BUY,1.087838726731945,1.0861791258895275,signal,0.1,0.7000000000000001,-17.296008424174524
2020-04-16 09:00:00,2020-04-16 12:00:00,SELL,1.0861791258895275,1.0873123447058748,sl,0.1,0.7000000000000001,-12.032188163473146
2020-04-17 02:00:00,2020-04-17 04:00:00,BUY,1.0873427585388862,1.089241151205388,tp,0.1,0.7000000000000001,18.283926665017137
2020-04-19 03:00:00,2020-04-19 13:00:00,SELL,1.0929384936008169,1.0945314504132815,sl,0.1,0.7000000000000001,-16.629568124646298
2020-04-19 14:00:00,2020-04-20 01:00:00,BUY,1.0948051978629152,1.0970286083450294,tp,0.1,0.7000000000000001,21.534104821141632
2020-04-22 00:00:00,2020-04-22 20:00:00,SELL,1.0994268078741176,1.1012127773554203,signal,0.1,0.7000000000000001,-18.559694813027182
2020-04-22 20:00:00,2020-04-23 06:00:00,BUY,1.1012127773554203,1.098960237670698,sl,0.1,0.7000000000000001,-23.225396847223877
2020-04-23 09:00:00,2020-04-24 10:00:00,SELL,1.0985165283926948,1.0999071193913896,signal,0.1,0.7000000000000001,-14.60590998694874
2020-04-24 10:00:00,2020-04-24 12:00:00,BUY,1.0999071193913896,1.1015316441781433,tp,0.1,0.7000000000000001,15.545247867536787
2020-04-25 20:00:00,2020-04-25 22:00:00,SELL,1.0999335974573035,1.100827474569833,sl,0.1,0.7000000000000001,-9.638771125295287
2020-04-26 13:00:00,2020-04-26 22:00:00,BUY,1.1022742104341896,1.1043079830879952,tp,0.1,0.7000000000000001,19.63772653805555
2020-04-28 00:00:00,2020-04-28 09:00:00,SELL,1.1022466167942497,1.1032414882812969,sl,0.1,0.7000000000000001,-10.648714870471332
2020-04-28 11:00:00,2020-04-28 14:00:00,BUY,1.1038496873608652,1.1031057363310801,sl,0.1,0.7000000000000001,-8.139510297850837
2020-04-28 22:00:00,2020-04-29 04:00:00,SELL,1.102120229315783,1.1029208414676825,sl,0.1,0.7000000000000001,-8.70612151899527
2020-04-29 08:00:00,2020-04-29 22:00:00,BUY,1.1050223962645744,1.106749252480198,tp,0.1,0.7000000000000001,16.56856215623629
2020-05-01 19:00:00,2020-05-01 21:00:00,SELL,1.108324496929433,1.109122792054653,sl,0.1,0.7000000000000001,-8.682951252198944
2020-05-01 22:00:00,2020-05-02 03:00:00,BUY,1.109769113969502,1.1108956862061188,tp,0.1,0.7000000000000001,10.565722366167186
2020-05-07 11:00:00,2020-05-07 13:00:00,SELL,1.1198584326926186,1.1207180916510835,signal,0.1,0.7000000000000001,-9.296589584648483
2020-05-07 13:00:00,2020-05-07 19:00:00,BUY,1.1207180916510835,1.122209359603559,tp,0.1,0.7000000000000001,14.212679524754504
2020-05-08 11:00:00,2020-05-08 13:00:00,SELL,1.1194168173783956,1.12156520295424,sl,0.1,0.7000000000000001,-22.183855758444025
2020-05-08 16:00:00,2020-05-08 18:00:00,BUY,1.1218259836690694,1.1201902128613797,signal,0.1,0.7000000000000001,-17.057708076897292
2020-05-08 18:00:00,2020-05-08 21:00:00,SELL,1.1201902128613797,1.1218984941825458,signal,0.1,0.7000000000000001,-17.78281321166183
2020-05-08 21:00:00,2020-05-09 05:00:00,BUY,1.1218984941825458,1.1203109922618055,signal,0.1,0.7000000000000001,-16.575019207403084
2020-05-09 05:00:00,2020-05-09 16:00:00,SELL,1.1203109922618055,1.1167076246006091,tp,0.1,0.7000000000000001,35.333676611963995
2020-05-11 09:00:00,2020-05-11 12:00:00,BUY,1.1169615336900773,1.114573058118831,sl,0.1,0.7000000000000001,-24.5847557124644
2020-05-11 22:00:00,2020-05-11 23:00:00,SELL,1.108799715959873,1.1118947246316673,sl,0.1,0.7000000000000001,-31.65008671794242
2020-05-13 04:00:00,2020-05-13 18:00:00,BUY,1.1159650347773724,1.1108467243299716,sl,0.1,0.7000000000000001,-51.88310447400854
2020-05-14 04:00:00,2020-05-15 23:00:00,SELL,1.1037436467883104,1.1037004745698338,signal,0.1,0.7000000000000001,-0.268277815233941
2020-05-15 23:00:00,2020-05-16 09:00:00,BUY,1.1037004745698338,1.1013998375923901,sl,0.1,0.7000000000000001,-23.706369774436485
2020-05-16 10:00:00,2020-05-16 12:00:00,SELL,1.1016289908367507,1.1037721530311433,sl,0.1,0.7000000000000001,-22.131621943925893
2020-05-16 13:00:00,2020-05-16 14:00:00,BUY,1.1036698268659348,1.101849344625281,signal,0.1,0.7000000000000001,-18.904822406537868
2020-05-16 14:00:00,2020-05-16 21:00:00,SELL,1.101849344625281,1.1040504238681828,sl,0.1,0.7000000000000001,-22.710792429016934
2020-05-16 22:00:00,2020-05-18 06:00:00,BUY,1.1049012017059718,1.103618709125699,signal,0.1,0.7000000000000001,-13.524925802727983
2020-05-18 06:00:00,2020-05-18 07:00:00,SELL,1.103618709125699,1.1048390127571182,sl,0.1,0.7000000000000001,-12.903036314191173
2020-05-18 08:00:00,2020-05-18 16:00:00,BUY,1.1048191592317291,1.1039104584073653,signal,0.1,0.7000000000000001,-9.787008243637839
2020-05-18 16:00:00,2020-05-18 17:00:00,SELL,1.1039104584073653,1.104931267972768,signal,0.1,0.7000000000000001,-10.90809565402736
2020-05-18 17:00:00,2020-05-18 21:00:00,BUY,1.104931267972768,1.106685943300727,tp,0.1,0.7000000000000001,16.846753279589212
2020-05-22 20:00:00,2020-05-23 04:00:00,SELL,1.1118973053880556,1.110142326213071,tp,0.1,0.7000000000000001,16.849791749846833
2020-05-25 11:00:00,2020-05-25 13:00:00,BUY,1.108833749181613,1.107445203832154,sl,0.1,0.7000000000000001,-14.585453494588695
2020-05-25 14:00:00,2020-05-25 17:00:00,SELL,1.107519007769952,1.10891243592349,sl,0.1,0.7000000000000001,-14.634281535381565
2020-05-25 18:00:00,2020-05-26 02:00:00,BUY,1.108613459859932,1.107612119007528,signal,0.1,0.7000000000000001,-10.713408524038869
2020-05-26 02:00:00,2020-05-27 03:00:00,SELL,1.107612119007528,1.1077351859050284,signal,0.1,0.7000000000000001,-1.9306689750030133
2020-05-27 03:00:00,2020-05-28 15:00:00,BUY,1.1077351859050284,1.1088154178062999,tp,0.1,0.7000000000000001,10.10231901271489
2020-06-02 06:00:00,2020-06-03 12:00:00,SELL,1.1100921845056566,1.1109932895874253,signal,0.1,0.7000000000000001,-9.711050817686607
2020-06-03 12:00:00,2020-06-03 15:00:00,BUY,1.1109932895874253,1.1090176342664597,sl,0.1,0.7000000000000001,-20.456553209655524
2020-06-03 18:00:00,2020-06-03 19:00:00,SELL,1.1081412472576195,1.1050024717801108,tp,0.1,0.7000000000000001,30.687754775087377
2020-06-05 10:00:00,2020-06-05 12:00:00,BUY,1.106125383622245,1.1047484821895592,sl,0.1,0.7000000000000001,-14.46901432685873
2020-06-07 13:00:00,2020-06-08 01:00:00,SELL,1.1073677519509533,1.1062657846293076,tp,0.1,0.7000000000000001,10.319673216456916
2020-06-09 00:00:00,2020-06-09 00:00:00,BUY,1.1075946897823152,1.1062341138887317,sl,0.1,0.7000000000000001,-14.305758935835154
2020-06-09 01:00:00,2020-06-09 04:00:00,SELL,1.1061165243240079,1.1075630256785574,sl,0.1,0.7000000000000001,-15.165013545494897
2020-06-09 22:00:00,2020-06-10 10:00:00,BUY,1.107220045961044,1.1094979344862437,tp,0.1,0.7000000000000001,22.078885251997228
2020-06-10 22:00:00,2020-06-10 22:00:00,SELL,1.1048675839027011,1.107693616426776,sl,0.1,0.7000000000000001,-28.960325240749842
2020-06-12 17:00:00,2020-06-12 20:00:00,BUY,1.1035661580771998,1.1054795946929012,tp,0.1,0.7000000000000001,18.434366157014253
2020-06-15 03:00:00,2020-06-15 05:00:00,SELL,1.104832282430126,1.1063611026771396,sl,0.1,0.7000000000000001,-15.988202470136182
2020-06-20 00:00:00,2020-06-20 05:00:00,BUY,1.0980215179963562,1.0947931058771063,sl,0.1,0.7000000000000001,-32.98412119249846
2020-06-20 06:00:00,2020-06-20 09:00:00,SELL,1.0929529845991544,1.0874123058381904,tp,0.1,0.7000000000000001,54.7067876096398
2020-06-25 12:00:00,2020-06-27 03:00:00,BUY,1.0681608988630462,1.0696850944667795,tp,0.1,0.7000000000000001,14.541956037332916
2020-06-29 11:00:00,2020-06-29 12:00:00,SELL,1.0702069431973913,1.0711794312948069,sl,0.1,0.7000000000000001,-10.424880974155693
2020-06-29 20:00:00,2020-06-30 00:00:00,BUY,1.071454487179575,1.070634517142777,signal,0.1,0.7000000000000001,-8.899700367981234
2020-06-30 00:00:00,2020-06-30 12:00:00,SELL,1.070634517142777,1.07138431817755,signal,0.1,0.7000000000000001,-8.198010347730676
2020-06-30 12:00:00,2020-06-30 14:00:00,BUY,1.07138431817755,1.070763788147088,sl,0.1,0.7000000000000001,-6.905300304620298
2020-07-01 11:00:00,2020-07-01 17:00:00,SELL,1.0711899612497309,1.0701284135404692,tp,0.1,0.7000000000000001,9.915477092617012
2020-07-02 06:00:00,2020-07-02 08:00:00,BUY,1.0716650685623113,1.0733423949371588,tp,0.1,0.7000000000000001,16.073263748475213
2020-07-03 05:00:00,2020-07-03 10:00:00,SELL,1.071625368009639,1.0725601222177183,sl,0.1,0.7000000000000001,-10.047542080793136
2020-07-03 21:00:00,2020-07-04 02:00:00,BUY,1.074216009128958,1.0732021770676994,sl,0.1,0.7000000000000001,-10.838320612587125
2020-07-04 09:00:00,2020-07-04 12:00:00,SELL,1.071050291228179,1.0688491891732843,tp,0.1,0.7000000000000001,21.311020548946548
2020-07-07 00:00:00,2020-07-07 01:00:00,BUY,1.0670870217943458,1.0662873259800199,sl,0.1,0.7000000000000001,-8.696958143259291
2020-07-07 02:00:00,2020-07-07 04:00:00,SELL,1.065868069452741,1.0646433940103928,tp,0.1,0.7000000000000001,11.546754423481666
2020-07-09 14:00:00,2020-07-09 20:00:00,BUY,1.0642074724793262,1.0660223523712555,tp,0.1,0.7000000000000001,17.448798919292997
2020-07-11 14:00:00,2020-07-11 17:00:00,SELL,1.0664368110042464,1.067244613467919,sl,0.1,0.7000000000000001,-8.778024636726244
2020-07-11 21:00:00,2020-07-12 02:00:00,BUY,1.0679558925825048,1.0670694712512858,sl,0.1,0.7000000000000001,-9.564213312189674
2020-07-12 05:00:00,2020-07-13 03:00:00,SELL,1.0668410824421515,1.0656292861539391,tp,0.1,0.7000000000000001,11.417962882123302
2020-07-17 16:00:00,2020-07-17 18:00:00,BUY,1.062065305168602,1.0629209204760548,tp,0.1,0.7000000000000001,7.856153074528172
2020-07-19 05:00:00,2020-07-20 07:00:00,SELL,1.0620576158360793,1.0633606095389982,signal,0.1,0.7000000000000001,-13.729937029189752
2020-07-20 07:00:00,2020-07-21 22:00:00,BUY,1.0633606095389982,1.0616086541887888,sl,0.1,0.7000000000000001,-18.219553502094442
2020-07-21 23:00:00,2020-07-22 04:00:00,SELL,1.0610927509880392,1.058229173117225,tp,0.1,0.7000000000000001,27.935778708141495
2020-07-26 12:00:00,2020-07-26 18:00:00,BUY,1.0403755238736827,1.0393650511067851,sl,0.1,0.7000000000000001,-10.804727668975854
2020-07-26 21:00:00,2020-07-26 22:00:00,SELL,1.0386234430637675,1.0399068918785834,sl,0.1,0.7000000000000001,-13.534488148159017
2020-07-27 03:00:00,2020-07-27 07:00:00,BUY,1.040268450643785,1.0423696332285004,tp,0.1,0.7000000000000001,20.311825847154775
2020-07-30 07:00:00,2020-07-30 17:00:00,SELL,1.0445642719894521,1.0405411818896126,tp,0.1,0.7000000000000001,39.53090099839477
2020-08-03 09:00:00,2020-08-03 13:00:00,BUY,1.0311918872021262,1.030280621173684,sl,0.1,0.7000000000000001,-9.812660284422702
2020-08-03 15:00:00,2020-08-03 19:00:00,SELL,1.0290357235171816,1.0275342062060349,tp,0.1,0.7000000000000001,14.31517311146783
2020-08-04 05:00:00,2020-08-04 18:00:00,BUY,1.0309099846466239,1.033362501078333,tp,0.1,0.7000000000000001,23.82516431709073
2020-08-11 19:00:00,2020-08-12 10:00:00,SELL,1.0532826455074578,1.054311312412864,sl,0.1,0.7000000000000001,-10.986669054062613
2020-08-12 16:00:00,2020-08-13 11:00:00,BUY,1.0542715737056751,1.0533075489383492,sl,0.1,0.7000000000000001,-10.340247673259327
2020-08-13 12:00:00,2020-08-13 14:00:00,SELL,1.0532558521266933,1.0542722290159878,sl,0.1,0.7000000000000001,-10.86376889294568
2020-08-13 15:00:00,2020-08-13 19:00:00,BUY,1.0546347462452963,1.0535554305153016,sl,0.1,0.7000000000000001,-11.493157299946455
2020-08-13 21:00:00,2020-08-14 21:00:00,SELL,1.052977026653549,1.051211813747278,tp,0.1,0.7000000000000001,16.952129062710743
2020-08-16 09:00:00,2020-08-16 11:00:00,BUY,1.0514038239159198,1.050851112164459,sl,0.1,0.7000000000000001,-6.22711751460766
2020-08-16 23:00:00,2020-08-17 09:00:00,SELL,1.0503620612517006,1.0490388198045204,tp,0.1,0.7000000000000001,12.532414471802124
2020-08-20 00:00:00,2020-08-20 06:00:00,BUY,1.0462743041673945,1.0489996060787419,tp,0.1,0.7000000000000001,26.553019113473443
2020-08-22 12:00:00,2020-08-22 20:00:00,SELL,1.0480462618501916,1.0470506018779397,tp,0.1,0.7000000000000001,9.256599722518168
2020-08-26 03:00:00,2020-08-26 10:00:00,BUY,1.0419877551308976,1.042835272518007,tp,0.1,0.7000000000000001,7.775173871094199
2020-08-27 01:00:00,2020-08-27 02:00:00,SELL,1.0400186236023707,1.0420512756966545,sl,0.1,0.7000000000000001,-21.02652094283716
2020-08-28 03:00:00,2020-08-28 17:00:00,BUY,1.045718610286003,1.053698182951932,tp,0.1,0.7000000000000001,79.0957266592908
2020-09-02 16:00:00,2020-09-02 22:00:00,SELL,1.0658693131543757,1.0670350903637187,sl,0.1,0.7000000000000001,-12.357772093429663
2020-09-03 01:00:00,2020-09-03 05:00:00,BUY,1.0673572222144057,1.0658151011217272,sl,0.1,0.7000000000000001,-16.121210926784837
2020-09-03 06:00:00,2020-09-04 05:00:00,SELL,1.0651956797889894,1.0668073507075315,sl,0.1,0.7000000000000001,-16.816709185420855
2020-09-04 06:00:00,2020-09-04 16:00:00,BUY,1.0656850796284116,1.065235356386119,signal,0.1,0.7000000000000001,-5.197232422926434
2020-09-04 16:00:00,2020-09-04 17:00:00,SELL,1.065235356386119,1.066701554559812,signal,0.1,0.7000000000000001,-15.361981736929787
2020-09-04 17:00:00,2020-09-04 19:00:00,BUY,1.066701554559812,1.06475596093345,sl,0.1,0.7000000000000001,-20.1559362636193
2020-09-04 21:00:00,2020-09-05 06:00:00,SELL,1.0636674044035332,1.0606693874933646,tp,0.1,0.7000000000000001,29.280169101686553
2020-09-06 10:00:00,2020-09-07 01:00:00,BUY,1.061175102665338,1.0627201541213374,tp,0.1,0.7000000000000001,14.750514559993691
2020-09-09 08:00:00,2020-09-09 22:00:00,SELL,1.0670647636242188,1.069958144046627,sl,0.1,0.7000000000000001,-29.63380422408276
2020-09-09 23:00:00,2020-09-10 02:00:00,BUY,1.0702382708786897,1.0664723230093136,sl,0.1,0.7000000000000001,-38.35947869376119
2020-09-10 04:00:00,2020-09-10 14:00:00,SELL,1.065948395711422,1.0611294050095412,tp,0.1,0.7000000000000001,47.489907018807436
2020-09-11 17:00:00,2020-09-12 01:00:00,BUY,1.0639334817820552,1.0673423372590132,tp,0.1,0.7000000000000001,33.388554769580175
2020-09-12 22:00:00,2020-09-13 09:00:00,SELL,1.0647207366636018,1.0666323749452984,sl,0.1,0.7000000000000001,-19.816382816966037
2020-09-13 10:00:00,2020-09-13 14:00:00,BUY,1.066672202063341,1.068915917353603,tp,0.1,0.7000000000000001,21.73715290261905
2020-09-14 12:00:00,2020-09-14 23:00:00,SELL,1.066723083699262,1.0640139153300654,tp,0.1,0.7000000000000001,26.391683691966577
2020-09-16 03:00:00,2020-09-16 11:00:00,BUY,1.0646866170228995,1.0657861558393185,tp,0.1,0.7000000000000001,10.29538816418999
2020-09-18 02:00:00,2020-09-18 09:00:00,SELL,1.0655090922360364,1.0660096752511319,sl,0.1,0.7000000000000001,-5.705830150954793
2020-09-18 17:00:00,2020-09-18 19:00:00,BUY,1.066278910472003,1.0657052958606124,sl,0.1,0.7000000000000001,-6.436146113906049
2020-09-18 20:00:00,2020-09-18 21:00:00,SELL,1.0658892052078386,1.0662556955130416,signal,0.1,0.7000000000000001,-4.364903052029711
2020-09-18 21:00:00,2020-09-19 13:00:00,BUY,1.0662556955130416,1.0656105669386107,sl,0.1,0.7000000000000001,-7.151285744308866
2020-09-19 14:00:00,2020-09-20 15:00:00,SELL,1.0654080543215596,1.0659778612487825,signal,0.1,0.7000000000000001,-6.398069272228601
2020-09-20 15:00:00,2020-09-21 08:00:00,BUY,1.0659778612487825,1.0653038528431562,sl,0.1,0.7000000000000001,-7.440084056262586
2020-09-21 09:00:00,2020-09-21 16:00:00,SELL,1.064706340419218,1.065477636340576,sl,0.1,0.7000000000000001,-8.412959213579395
2020-09-23 00:00:00,2020-09-23 09:00:00,BUY,1.064932548561685,1.0643708753601817,sl,0.1,0.7000000000000001,-6.316732015032433
2020-09-23 11:00:00,2020-09-24 04:00:00,SELL,1.0642602576038278,1.0635390333704917,tp,0.1,0.7000000000000001,6.5122423333609305
2020-09-24 23:00:00,2020-09-25 00:00:00,BUY,1.064394768749243,1.0637442219294457,sl,0.1,0.7000000000000001,-7.205468197972597
2020-09-25 03:00:00,2020-09-25 08:00:00,SELL,1.0630638166323096,1.0638138643391433,sl,0.1,0.7000000000000001,-8.20047706833623
2020-09-25 11:00:00,2020-09-25 13:00:00,BUY,1.0652905979876757,1.0640627856983937,sl,0.1,0.7000000000000001,-12.978122892819266
2020-09-25 18:00:00,2020-09-25 22:00:00,SELL,1.062364282361458,1.0638756562272822,sl,0.1,0.7000000000000001,-15.813738658241173
2020-09-26 00:00:00,2020-09-27 03:00:00,BUY,1.0646617270812497,1.066771428264644,tp,0.1,0.7000000000000001,20.39701183394375
2020-09-28 06:00:00,2020-09-28 08:00:00,SELL,1.0652854885344578,1.0669729256346565,sl,0.1,0.7000000000000001,-17.574371001986965
2020-09-28 11:00:00,2020-09-28 17:00:00,BUY,1.0674986185620423,1.0659046236377683,sl,0.1,0.7000000000000001,-16.63994924274034
2020-09-28 19:00:00,2020-09-29 06:00:00,SELL,1.0656195147235614,1.0630814908306208,tp,0.1,0.7000000000000001,24.680238929406663
2020-09-30 09:00:00,2020-09-30 17:00:00,BUY,1.0639568128962569,1.0652546697041114,tp,0.1,0.7000000000000001,12.278568078545472
2020-10-01 23:00:00,2020-10-02 00:00:00,SELL,1.0640516193885496,1.0624903636330387,tp,0.1,0.7000000000000001,14.912557555109153
2020-10-03 17:00:00,2020-10-04 12:00:00,BUY,1.0632022642650298,1.0646758326596182,tp,0.1,0.7000000000000001,14.035683945883427
2020-10-05 02:00:00,2020-10-05 07:00:00,SELL,1.0630905295219386,1.064095566124123,sl,0.1,0.7000000000000001,-10.750366021843172
2020-10-05 22:00:00,2020-10-06 04:00:00,BUY,1.0642765803466543,1.0656601167734125,tp,0.1,0.7000000000000001,13.135364267582585
2020-10-06 21:00:00,2020-10-07 03:00:00,SELL,1.0627659783061127,1.0602634422645565,tp,0.1,0.7000000000000001,24.32536041556258
2020-10-10 08:00:00,2020-10-10 09:00:00,BUY,1.0594240342516987,1.0582433830838782,sl,0.1,0.7000000000000001,-12.506511678205124
2020-10-11 19:00:00,2020-10-12 00:00:00,SELL,1.0576698501022155,1.0588516554335887,sl,0.1,0.7000000000000001,-12.518053313732423
2020-10-12 19:00:00,2020-10-13 01:00:00,BUY,1.059901862317495,1.0585227703865039,sl,0.1,0.7000000000000001,-14.490919309910609
2020-10-13 06:00:00,2020-10-13 15:00:00,SELL,1.0577414445574065,1.059056793172248,sl,0.1,0.7000000000000001,-13.853486148416161
2020-10-13 17:00:00,2020-10-13 20:00:00,BUY,1.06040656478841,1.0590738287043262,sl,0.1,0.7000000000000001,-14.027360840837966
2020-10-14 10:00:00,2020-10-15 05:00:00,SELL,1.057118588657349,1.0550285498351788,tp,0.1,0.7000000000000001,20.200388221702926
2020-10-20 02:00:00,2020-10-20 09:00:00,BUY,1.0490302668973126,1.0505453795303914,tp,0.1,0.7000000000000001,14.45112633078797
2020-10-22 10:00:00,2020-10-22 12:00:00,SELL,1.0531288688919476,1.0521467683533385,tp,0.1,0.7000000000000001,9.12100538609032
2020-10-23 19:00:00,2020-10-24 19:00:00,BUY,1.0529807020763189,1.0548502638388522,tp,0.1,0.7000000000000001,17.995617625332784
2020-10-25 20:00:00,2020-10-26 09:00:00,SELL,1.0531946542630872,1.0541571050640097,sl,0.1,0.7000000000000001,-10.324508009224985
2020-10-26 11:00:00,2020-10-26 18:00:00,BUY,1.0541622877208976,1.0533234283735458,sl,0.1,0.7000000000000001,-9.08859347351839
2020-10-26 20:00:00,2020-10-26 23:00:00,SELL,1.053044530994403,1.0537801675845777,sl,0.1,0.7000000000000001,-8.056365901747265
2020-10-27 04:00:00,2020-10-28 10:00:00,BUY,1.0540677569662693,1.054937916935744,tp,0.1,0.7000000000000001,8.001599694747044
2020-10-30 10:00:00,2020-10-30 12:00:00,SELL,1.0552389135226543,1.055728167168327,sl,0.1,0.7000000000000001,-5.592536456726493
2020-10-30 14:00:00,2020-10-30 17:00:00,BUY,1.0558305854672658,1.0552899998557188,sl,0.1,0.7000000000000001,-6.105856115470176
2020-10-30 18:00:00,2020-10-31 13:00:00,SELL,1.0550320992785576,1.054315662574451,tp,0.1,0.7000000000000001,6.464367041065933
2020-11-01 09:00:00,2020-11-01 13:00:00,BUY,1.0552720143703778,1.0543946584897488,sl,0.1,0.7000000000000001,-9.473558806289827
2020-11-07 03:00:00,2020-11-07 10:00:00,SELL,1.060229523030815,1.0618005706972653,sl,0.1,0.7000000000000001,-16.410476664503317
2020-11-07 11:00:00,2020-11-08 21:00:00,BUY,1.062161689825898,1.0608503492980705,sl,0.1,0.7000000000000001,-13.813405278275535
2020-11-08 22:00:00,2020-11-09 06:00:00,SELL,1.0598292057192826,1.0572103109737356,tp,0.1,0.7000000000000001,25.488947455469958
2020-11-10 05:00:00,2020-11-10 06:00:00,BUY,1.0600980260676656,1.0592705996299503,signal,0.1,0.7000000000000001,-8.97426437715273
2020-11-10 06:00:00,2020-11-10 07:00:00,SELL,1.0592705996299503,1.059878925510573,signal,0.1,0.7000000000000001,-6.7832588062265105
2020-11-10 07:00:00,2020-11-10 11:00:00,BUY,1.059878925510573,1.0591715286984968,signal,0.1,0.7000000000000001,-7.7739681207609985
2020-11-10 11:00:00,2020-11-10 13:00:00,SELL,1.0591715286984968,1.0600090834296736,signal,0.1,0.7000000000000001,-9.075547311767483
2020-11-10 13:00:00,2020-11-10 16:00:00,BUY,1.0600090834296736,1.0617780726040242,tp,0.1,0.7000000000000001,16.989891743506437
2020-11-11 10:00:00,2020-11-11 17:00:00,SELL,1.0598841972279056,1.0577752998658088,tp,0.1,0.7000000000000001,20.388973620968514
2020-11-12 17:00:00,2020-11-13 02:00:00,BUY,1.0605311226528549,1.0624786837488116,tp,0.1,0.7000000000000001,18.77561095956729
2020-11-14 19:00:00,2020-11-14 21:00:00,SELL,1.0608784217969347,1.0592217296631914,tp,0.1,0.7000000000000001,15.866921337433094
2020-11-15 12:00:00,2020-11-15 15:00:00,BUY,1.0640471057865644,1.066588848712442,tp,0.1,0.7000000000000001,24.717429258776107
2020-11-17 20:00:00,2020-11-19 00:00:00,SELL,1.0633859442468039,1.0611386648968417,tp,0.1,0.7000000000000001,21.772793499621617
2020-11-20 07:00:00,2020-11-20 08:00:00,BUY,1.0634984961815699,1.0619285950949424,sl,0.1,0.7000000000000001,-16.399010866274676
2020-11-20 18:00:00,2020-11-20 20:00:00,SELL,1.0617056215838225,1.0623106044426778,signal,0.1,0.7000000000000001,-6.7498285885524085
2020-11-20 20:00:00,2020-11-21 17:00:00,BUY,1.0623106044426778,1.0641330649236271,tp,0.1,0.7000000000000001,17.524604809493617
2020-11-22 06:00:00,2020-11-22 12:00:00,SELL,1.0627910012401707,1.0638253342473496,sl,0.1,0.7000000000000001,-11.043330071789224
2020-11-22 21:00:00,2020-11-24 00:00:00,BUY,1.06412670873606,1.067261202218336,tp,0.1,0.7000000000000001,30.644934822761243
2020-11-26 10:00:00,2020-11-26 19:00:00,SELL,1.0680268553023655,1.0696702615484681,sl,0.1,0.7000000000000001,-17.13406246102597
2020-11-26 21:00:00,2020-11-27 02:00:00,BUY,1.0704311633950028,1.0686686493281499,sl,0.1,0.7000000000000001,-18.32514066852905
2020-11-28 04:00:00,2020-11-28 07:00:00,SELL,1.0684714102314379,1.0727404290785405,sl,0.1,0.7000000000000001,-43.39018847102624
2020-11-28 09:00:00,2020-11-28 10:00:00,BUY,1.0730871883813526,1.0700112566722135,signal,0.1,0.7000000000000001,-31.459317091391124
2020-11-28 10:00:00,2020-11-28 12:00:00,SELL,1.0700112566722135,1.0732007758645552,signal,0.1,0.7000000000000001,-32.59519192341673
2020-11-28 12:00:00,2020-11-28 20:00:00,BUY,1.0732007758645552,1.0811091801941002,tp,0.1,0.7000000000000001,78.38404329544983
2020-11-30 18:00:00,2020-12-03 04:00:00,SELL,1.0967959087101926,1.095858550684325,signal,0.1,0.7000000000000001,8.673580258675852
2020-12-03 04:00:00,2020-12-03 09:00:00,BUY,1.095858550684325,1.098077001634381,tp,0.1,0.7000000000000001,21.48450950056017
2020-12-03 18:00:00,2020-12-03 20:00:00,SELL,1.0921107103132426,1.0885581836433802,tp,0.1,0.7000000000000001,34.82526669862388
2020-12-07 23:00:00,2020-12-08 05:00:00,BUY,1.0744918661541005,1.078267424604301,tp,0.1,0.7000000000000001,37.05558450200389
2020-12-09 17:00:00,2020-12-10 06:00:00,SELL,1.0795040370981994,1.0829277153322876,signal,0.1,0.7000000000000001,-34.9367823408818
2020-12-10 06:00:00,2020-12-10 19:00:00,BUY,1.0829277153322876,1.078871584734886,sl,0.1,0.7000000000000001,-41.261305974016196
2020-12-10 20:00:00,2020-12-11 13:00:00,SELL,1.0796429183439173,1.0810471414839729,signal,0.1,0.7000000000000001,-14.74223140055505
2020-12-11 13:00:00,2020-12-14 06:00:00,BUY,1.0810471414839729,1.0855340933888993,tp,0.1,0.7000000000000001,44.16951904926428
2020-12-15 18:00:00,2020-12-17 01:00:00,SELL,1.082943873038512,1.085008127193742,signal,0.1,0.7000000000000001,-21.342541552300386
2020-12-17 01:00:00,2020-12-17 11:00:00,BUY,1.085008127193742,1.0872453822771273,tp,0.1,0.7000000000000001,21.67255083385348
2020-12-18 07:00:00,2020-12-18 13:00:00,SELL,1.0844205856285694,1.0832473365317232,tp,0.1,0.7000000000000001,11.032490968461296
2020-12-20 02:00:00,2020-12-20 09:00:00,BUY,1.0833518007974827,1.085136437284858,tp,0.1,0.7000000000000001,17.146364873752574
2020-12-25 02:00:00,2020-12-25 04:00:00,SELL,1.0858726598631674,1.085071495533326,tp,0.1,0.7000000000000001,7.311643298413418
2020-12-27 10:00:00,2020-12-27 10:00:00,BUY,1.0853951078561546,1.0840258779217928,sl,0.1,0.7000000000000001,-14.392299343617264
2020-12-27 21:00:00,2020-12-28 20:00:00,SELL,1.0826664230990857,1.0841902370996395,signal,0.1,0.7000000000000001,-15.938140005537914
2020-12-28 20:00:00,2020-12-29 12:00:00,BUY,1.0841902370996395,1.0849113581804588,tp,0.1,0.7000000000000001,6.511210808193425
2020-12-31 08:00:00,2020-12-31 17:00:00,SELL,1.0852482421630336,1.086785404298559,sl,0.1,0.7000000000000001,-16.071621355253495
2020-12-31 22:00:00,2021-01-01 14:00:00,BUY,1.08792692599675,1.0864439255817229,sl,0.1,0.7000000000000001,-15.530004150270248
2021-01-03 16:00:00,2021-01-03 17:00:00,SELL,1.0875279612280944,1.088740884813472,sl,0.1,0.7000000000000001,-12.82923585377723
2021-01-04 02:00:00,2021-01-05 12:00:00,BUY,1.089724292255193,1.089680169831692,signal,0.1,0.7000000000000001,-1.1412242350104735
2021-01-05 12:00:00,2021-01-06 01:00:00,SELL,1.089680169831692,1.0887860352510552,tp,0.1,0.7000000000000001,8.241345806368075
2021-01-08 13:00:00,2021-01-08 13:00:00,BUY,1.0876755819935844,1.0866543525436827,sl,0.1,0.7000000000000001,-10.912294499016838
2021-01-09 16:00:00,2021-01-10 10:00:00,SELL,1.0857781143790135,1.0838523616679043,tp,0.1,0.7000000000000001,18.557527111091748
2021-01-13 13:00:00,2021-01-13 15:00:00,BUY,1.0796966537603234,1.0788997930438222,sl,0.1,0.7000000000000001,-8.66860716501202
2021-01-13 16:00:00,2021-01-14 00:00:00,SELL,1.0786267802790672,1.079456570929658,sl,0.1,0.7000000000000001,-8.997906505907448
2021-01-14 02:00:00,2021-01-15 07:00:00,BUY,1.0796025451369833,1.0791458350194352,signal,0.1,0.7000000000000001,-5.267101175481092
2021-01-15 07:00:00,2021-01-15 14:00:00,SELL,1.0791458350194352,1.0798749615779004,sl,0.1,0.7000000000000001,-7.991265584652429
2021-01-15 19:00:00,2021-01-16 04:00:00,BUY,1.0798514127360501,1.0806132750781166,tp,0.1,0.7000000000000001,6.918623420664328
2021-01-17 14:00:00,2021-01-17 20:00:00,SELL,1.0819320591894441,1.0804897466124557,tp,0.1,0.7000000000000001,13.723125769884582
2021-01-20 19:00:00,2021-01-20 21:00:00,BUY,1.0746918921999062,1.0731676731774642,signal,0.1,0.7000000000000001,-15.942190224420415
2021-01-20 21:00:00,2021-01-21 07:00:00,SELL,1.0731676731774642,1.069788180957903,tp,0.1,0.7000000000000001,33.09492219561131
2021-01-22 00:00:00,2021-01-22 02:00:00,BUY,1.0768916955880983,1.0736354877875112,sl,0.1,0.7000000000000001,-33.26207800587108
2021-01-22 07:00:00,2021-01-23 06:00:00,SELL,1.068068793444172,1.0728854146132447,sl,0.1,0.7000000000000001,-48.86621169072777
2021-01-23 07:00:00,2021-01-23 09:00:00,BUY,1.0734898641526691,1.0708540972698448,sl,0.1,0.7000000000000001,-27.057668828242978
2021-01-23 16:00:00,2021-01-24 11:00:00,SELL,1.068070831246014,1.063998245867646,tp,0.1,0.7000000000000001,40.025853783680766
2021-01-26 01:00:00,2021-01-26 03:00:00,BUY,1.0647082378451158,1.0632770203672732,sl,0.1,0.7000000000000001,-15.012174778425834
2021-01-26 13:00:00,2021-01-26 18:00:00,SELL,1.0608711122198868,1.058079486470986,tp,0.1,0.7000000000000001,27.21625748900906
2021-01-27 19:00:00,2021-01-28 00:00:00,BUY,1.0597610790464227,1.0579274918599384,signal,0.1,0.7000000000000001,-19.035871864842978
2021-01-28 00:00:00,2021-01-28 03:00:00,SELL,1.0579274918599384,1.0595380027283428,signal,0.1,0.7000000000000001,-16.80510868404358
2021-01-28 03:00:00,2021-01-29 08:00:00,BUY,1.0595380027283428,1.0632822258893964,tp,0.1,0.7000000000000001,36.74223161053606
2021-01-30 15:00:00,2021-01-30 21:00:00,SELL,1.0632215843940545,1.0612012652303207,tp,0.1,0.7000000000000001,19.50319163733797
2021-01-31 17:00:00,2021-01-31 23:00:00,BUY,1.063809664241476,1.0662305525184594,tp,0.1,0.7000000000000001,23.508882769833907
2021-02-02 21:00:00,2021-02-03 01:00:00,SELL,1.0721160812144153,1.0749568176785071,sl,0.1,0.7000000000000001,-29.107364640918867
2021-02-03 03:00:00,2021-02-03 10:00:00,BUY,1.0801028259779484,1.076139445483807,sl,0.1,0.7000000000000001,-40.33380494141467
2021-02-03 23:00:00,2021-02-05 02:00:00,SELL,1.0704798212486037,1.073351978056015,signal,0.1,0.7000000000000001,-29.421568074112635
2021-02-05 02:00:00,2021-02-06 11:00:00,BUY,1.073351978056015,1.0723047010925735,signal,0.1,0.7000000000000001,-11.172769634415346
2021-02-06 11:00:00,2021-02-06 20:00:00,SELL,1.0723047010925735,1.0762111658339775,sl,0.1,0.7000000000000001,-39.76464741403993
2021-02-06 21:00:00,2021-02-07 01:00:00,BUY,1.0795665175308897,1.0749954304743357,sl,0.1,0.7000000000000001,-46.41087056554069
2021-02-07 16:00:00,2021-02-07 17:00:00,SELL,1.0756312707023628,1.076761780230933,signal,0.1,0.7000000000000001,-12.005095285703003
2021-02-07 17:00:00,2021-02-08 12:00:00,BUY,1.076761780230933,1.0845443280807505,tp,0.1,0.7000000000000001,77.12547849817467
2021-02-10 23:00:00,2021-02-11 09:00:00,SELL,1.0844237098804277,1.0813706862463115,tp,0.1,0.7000000000000001,29.83023634116192
2021-02-13 19:00:00,2021-02-14 06:00:00,BUY,1.0755935818981717,1.0789123740025373,tp,0.1,0.7000000000000001,32.48792104365587
2021-02-17 07:00:00,2021-02-17 11:00:00,SELL,1.084195948125052,1.0862266984151003,sl,0.1,0.7000000000000001,-21.007502900482887
2021-02-17 12:00:00,2021-02-17 14:00:00,BUY,1.086297571547168,1.089032733256953,tp,0.1,0.7000000000000001,26.651617097848284
2021-02-19 09:00:00,2021-02-20 12:00:00,SELL,1.0887790359183835,1.0899039338016108,sl,0.1,0.7000000000000001,-11.948978832272271
2021-02-20 13:00:00,2021-02-21 09:00:00,BUY,1.0898882618432046,1.0906335497013313,tp,0.1,0.7000000000000001,6.752878581266643
2021-02-21 20:00:00,2021-02-21 23:00:00,SELL,1.088693116804937,1.0900594696578556,sl,0.1,0.7000000000000001,-14.363528529186397
2021-02-22 03:00:00,2021-02-22 05:00:00,BUY,1.090526300287304,1.0895240938282507,signal,0.1,0.7000000000000001,-10.722064590533563
2021-02-22 05:00:00,2021-02-22 10:00:00,SELL,1.0895240938282507,1.0905460448309203,signal,0.1,0.7000000000000001,-10.919510026696631
2021-02-22 10:00:00,2021-02-22 19:00:00,BUY,1.0905460448309203,1.0884493164536637,sl,0.1,0.7000000000000001,-21.667283772566073
2021-02-22 20:00:00,2021-02-23 08:00:00,SELL,1.0883421158323856,1.0907109801003096,sl,0.1,0.7000000000000001,-24.388642679240423
2021-02-23 11:00:00,2021-02-24 09:00:00,BUY,1.0905959122103432,1.0939047999812643,tp,0.1,0.7000000000000001,32.388877709210874
2021-02-26 05:00:00,2021-02-26 05:00:00,SELL,1.0970235246433668,1.0982481192107527,sl,0.1,0.7000000000000001,-12.945945673858839
2021-02-26 06:00:00,2021-02-26 12:00:00,BUY,1.098584583656709,1.097161067975917,sl,0.1,0.7000000000000001,-14.935156807920203
2021-02-26 14:00:00,2021-02-26 16:00:00,SELL,1.095952602929502,1.0977597729292665,sl,0.1,0.7000000000000001,-18.771699997646017
2021-02-28 06:00:00,2021-02-28 08:00:00,BUY,1.0976178906626024,1.0964837121286968,sl,0.1,0.7000000000000001,-12.041785339056275
2021-03-01 00:00:00,2021-03-01 08:00:00,SELL,1.0966308239177665,1.0951034952288332,tp,0.1,0.7000000000000001,14.573286889332383
2021-03-01 20:00:00,2021-03-02 11:00:00,BUY,1.0975493240181127,1.0961472260668659,signal,0.1,0.7000000000000001,-14.720979512467945
2021-03-02 11:00:00,2021-03-03 06:00:00,SELL,1.0961472260668659,1.0944420340713992,tp,0.1,0.7000000000000001,16.35191995466704
2021-03-06 05:00:00,2021-03-06 14:00:00,BUY,1.092421822893909,1.093978630650174,tp,0.1,0.7000000000000001,14.868077562648775
2021-03-09 12:00:00,2021-03-10 13:00:00,SELL,1.0958222519836778,1.0923108662947216,tp,0.1,0.7000000000000001,34.41385688956148
2021-03-11 10:00:00,2021-03-11 15:00:00,BUY,1.0946705736537607,1.0937597068020088,signal,0.1,0.7000000000000001,-9.808668517519013
2021-03-11 15:00:00,2021-03-12 13:00:00,SELL,1.0937597068020088,1.0921718740350084,tp,0.1,0.7000000000000001,15.178327670004746
2021-03-14 17:00:00,2021-03-14 21:00:00,BUY,1.0877568429809559,1.0851744262671672,sl,0.1,0.7000000000000001,-26.524167137886714
2021-03-14 23:00:00,2021-03-15 02:00:00,SELL,1.0828557570462796,1.0855123359262275,sl,0.1,0.7000000000000001,-27.265788799479687
2021-03-16 19:00:00,2021-03-17 00:00:00,BUY,1.0812785470708721,1.084184161562228,tp,0.1,0.7000000000000001,28.35614491355957
2021-03-21 12:00:00,2021-03-21 19:00:00,SELL,1.0962698097130694,1.0974420153696725,sl,0.1,0.7000000000000001,-12.422056566030315
2021-03-21 21:00:00,2021-03-22 05:00:00,BUY,1.098290562092846,1.0967983191099255,sl,0.1,0.7000000000000001,-15.622429829204998
2021-03-23 12:00:00,2021-03-23 20:00:00,SELL,1.099471600079595,1.1008473086595842,sl,0.1,0.7000000000000001,-14.457085799892543
2021-03-24 00:00:00,2021-03-24 13:00:00,BUY,1.103886325969918,1.1071433120982623,tp,0.1,0.7000000000000001,31.869861283442415
2021-03-25 01:00:00,2021-03-25 19:00:00,SELL,1.1017841059659832,1.098564810377469,tp,0.1,0.7000000000000001,31.492955885141935
2021-03-26 14:00:00,2021-03-26 23:00:00,BUY,1.1039935893644062,1.101857740173902,sl,0.1,0.7000000000000001,-22.058491905041354
2021-03-28 06:00:00,2021-03-28 17:00:00,SELL,1.1039810970698338,1.10281460429733,tp,0.1,0.7000000000000001,10.964927725039134
2021-03-30 02:00:00,2021-03-30 09:00:00,BUY,1.1029620320795994,1.1015006767877265,sl,0.1,0.7000000000000001,-15.313552918729679
2021-03-30 10:00:00,2021-03-30 18:00:00,SELL,1.1013427593290832,1.1031648146829371,sl,0.1,0.7000000000000001,-18.92055353853935
2021-03-30 22:00:00,2021-03-31 13:00:00,BUY,1.103094673686295,1.101232535091231,signal,0.1,0.7000000000000001,-19.321385950639
2021-03-31 13:00:00,2021-04-01 15:00:00,SELL,1.101232535091231,1.101049368162884,signal,0.1,0.7000000000000001,1.1316692834718927
2021-04-01 15:00:00,2021-04-01 19:00:00,BUY,1.101049368162884,1.1032412496445123,tp,0.1,0.7000000000000001,21.21881481628411
2021-04-04 09:00:00,2021-04-06 07:00:00,SELL,1.1047189597744995,1.102556602444805,tp,0.1,0.7000000000000001,20.92357329694498
2021-04-09 09:00:00,2021-04-09 11:00:00,BUY,1.0988614465376485,1.0996815042191297,tp,0.1,0.7000000000000001,7.500576814811899
2021-04-11 05:00:00,2021-04-11 08:00:00,SELL,1.0991670327627623,1.1000018254401067,sl,0.1,0.7000000000000001,-9.047926773444313
2021-04-11 09:00:00,2021-04-11 18:00:00,BUY,1.1001629606104029,1.101563586994665,tp,0.1,0.7000000000000001,13.306263842620826
2021-04-13 05:00:00,2021-04-13 05:00:00,SELL,1.099048145625912,1.1003131034267095,sl,0.1,0.7000000000000001,-13.34957800797495
2021-04-13 18:00:00,2021-04-13 20:00:00,BUY,1.1017673459185193,1.0988503686460611,sl,0.1,0.7000000000000001,-29.869772724582102
2021-04-13 21:00:00,2021-04-14 02:00:00,SELL,1.0967300534954383,1.0916196671870864,tp,0.1,0.7000000000000001,50.40386308351922
2021-04-15 00:00:00,2021-04-15 09:00:00,BUY,1.0976874721122272,1.095178313953317,sl,0.1,0.7000000000000001,-25.79158158910063
2021-04-15 13:00:00,2021-04-16 09:00:00,SELL,1.0942405407459035,1.0906213653303944,tp,0.1,0.7000000000000001,35.49175415509046
2021-04-18 07:00:00,2021-04-18 10:00:00,BUY,1.089121451151218,1.0877378721047455,sl,0.1,0.7000000000000001,-14.535790464724608
2021-04-18 12:00:00,2021-04-19 06:00:00,SELL,1.0870394464199231,1.0881913151740659,signal,0.1,0.7000000000000001,-12.218687541427485
2021-04-19 06:00:00,2021-04-19 08:00:00,BUY,1.0881913151740659,1.0876762361438204,signal,0.1,0.7000000000000001,-5.850790302455022
2021-04-19 08:00:00,2021-04-19 10:00:00,SELL,1.0876762361438204,1.088157102931412,signal,0.1,0.7000000000000001,-5.508667875917383
2021-04-19 10:00:00,2021-04-19 11:00:00,BUY,1.088157102931412,1.087510081445359,sl,0.1,0.7000000000000001,-7.1702148605300104
2021-04-21 02:00:00,2021-04-21 05:00:00,SELL,1.0888496887587353,1.090019236840396,signal,0.1,0.7000000000000001,-12.395480816606986
2021-04-21 05:00:00,2021-04-21 07:00:00,BUY,1.090019236840396,1.088543445420512,signal,0.1,0.7000000000000001,-15.45791419883965
2021-04-21 07:00:00,2021-04-22 10:00:00,SELL,1.088543445420512,1.0886810754722873,signal,0.1,0.7000000000000001,-2.0763005177525047
2021-04-22 10:00:00,2021-04-22 12:00:00,BUY,1.0886810754722873,1.087726277493069,sl,0.1,0.7000000000000001,-10.247979792183802
2021-04-25 12:00:00,2021-04-25 13:00:00,SELL,1.0940323263768585,1.0930918306584656,tp,0.1,0.7000000000000001,8.70495718392942
2021-04-25 20:00:00,2021-04-25 20:00:00,BUY,1.0977838559808735,1.100387320753186,tp,0.1,0.7000000000000001,25.334647723125475
2021-04-27 10:00:00,2021-04-27 22:00:00,SELL,1.1015267146061118,1.1035561277788093,signal,0.1,0.7000000000000001,-20.994131726974473
2021-04-27 22:00:00,2021-04-28 01:00:00,BUY,1.1035561277788093,1.1020334116037889,sl,0.1,0.7000000000000001,-15.92716175020422
2021-04-28 04:00:00,2021-04-28 08:00:00,SELL,1.1011661822049201,1.0993401895186647,tp,0.1,0.7000000000000001,17.559926862553844
2021-04-29 03:00:00,2021-04-30 15:00:00,BUY,1.1015816210509553,1.100986371802268,signal,0.1,0.7000000000000001,-6.652492486871464
2021-04-30 15:00:00,2021-04-30 18:00:00,SELL,1.100986371802268,1.1017943728569586,sl,0.1,0.7000000000000001,-8.780010546904771
2021-05-01 08:00:00,2021-05-01 11:00:00,BUY,1.102825580915329,1.101535071302898,sl,0.1,0.7000000000000001,-13.605096124309346
2021-05-01 19:00:00,2021-05-03 11:00:00,SELL,1.1012101889737305,1.1008360245185518,signal,0.1,0.7000000000000001,3.0416445517868267
2021-05-03 11:00:00,2021-05-03 12:00:00,BUY,1.1008360245185518,1.1004190242278835,sl,0.1,0.7000000000000001,-4.8700029066826795
2021-05-03 14:00:00,2021-05-03 22:00:00,SELL,1.1003819444402776,1.1007570587271003,signal,0.1,0.7000000000000001,-4.451142868226865
2021-05-03 22:00:00,2021-05-04 01:00:00,BUY,1.1007570587271003,1.100213554295833,sl,0.1,0.7000000000000001,-6.135044312673831
2021-05-04 04:00:00,2021-05-04 15:00:00,SELL,1.1001089754086333,1.0990367165661132,tp,0.1,0.7000000000000001,10.022588425200464
2021-05-09 02:00:00,2021-05-09 10:00:00,BUY,1.0916768006882678,1.090581226581448,sl,0.1,0.7000000000000001,-11.655741068197077
2021-05-09 12:00:00,2021-05-09 17:00:00,SELL,1.089939541782361,1.0910606639965006,sl,0.1,0.7000000000000001,-11.911222141396248
2021-05-09 21:00:00,2021-05-10 06:00:00,BUY,1.0912852023709951,1.0925592217767484,tp,0.1,0.7000000000000001,12.04019405753224
2021-05-14 13:00:00,2021-05-14 18:00:00,SELL,1.0968431228573838,1.093801553421678,tp,0.1,0.7000000000000001,29.71569435705771
2021-05-16 10:00:00,2021-05-16 22:00:00,BUY,1.0931907251044106,1.0954545688622153,tp,0.1,0.7000000000000001,21.9384375780464
2021-05-17 07:00:00,2021-05-17 18:00:00,SELL,1.0906763506681991,1.0936666987977843,sl,0.1,0.7000000000000001,-30.603481295852077
2021-05-17 22:00:00,2021-05-18 16:00:00,BUY,1.0941056787700578,1.0923833117606991,signal,0.1,0.7000000000000001,-17.92367009358683
2021-05-18 16:00:00,2021-05-18 20:00:00,SELL,1.0923833117606991,1.0942238759999507,sl,0.1,0.7000000000000001,-19.105642392516074
2021-05-19 10:00:00,2021-05-19 16:00:00,BUY,1.0942612671341678,1.0972979640221694,tp,0.1,0.7000000000000001,29.66696888001567
2021-05-23 06:00:00,2021-05-23 10:00:00,SELL,1.1007501497944447,1.099995294230968,tp,0.1,0.7000000000000001,6.848555634766529
2021-05-24 03:00:00,2021-05-24 04:00:00,BUY,1.1023879484157737,1.104127212707155,tp,0.1,0.7000000000000001,16.692642913813817
2021-05-27 02:00:00,2021-05-27 16:00:00,SELL,1.108960913931691,1.1100638204759743,signal,0.1,0.7000000000000001,-11.729065442833553
2021-05-27 16:00:00,2021-05-27 21:00:00,BUY,1.1100638204759743,1.1121023380282,tp,0.1,0.7000000000000001,19.68517552225727
2021-05-30 19:00:00,2021-05-31 02:00:00,SELL,1.1148254744125554,1.1162870656391863,sl,0.1,0.7000000000000001,-15.315912266309207
2021-06-01 14:00:00,2021-06-02 16:00:00,BUY,1.1155285387141576,1.1136079289757415,signal,0.1,0.7000000000000001,-19.90609738416124
2021-06-02 16:00:00,2021-06-03 04:00:00,SELL,1.1136079289757415,1.115317837906572,sl,0.1,0.7000000000000001,-17.799089308305618
2021-06-03 06:00:00,2021-06-03 14:00:00,BUY,1.1160675857604323,1.1183596016946906,tp,0.1,0.7000000000000001,22.22015934258318
2021-06-04 14:00:00,2021-06-04 15:00:00,SELL,1.1153249305686816,1.1168707058399638,sl,0.1,0.7000000000000001,-16.157752712821903
2021-06-05 00:00:00,2021-06-06 15:00:00,BUY,1.1180051494642573,1.1167573490793736,signal,0.1,0.7000000000000001,-13.178003848837017
2021-06-06 15:00:00,2021-06-06 20:00:00,SELL,1.1167573490793736,1.1190100218339079,sl,0.1,0.7000000000000001,-23.22672754534224
2021-06-06 23:00:00,2021-06-07 05:00:00,BUY,1.1201624671006452,1.1176972292594252,sl,0.1,0.7000000000000001,-25.352378412199915
2021-06-09 08:00:00,2021-06-09 19:00:00,SELL,1.1245518690129488,1.1260772733031035,sl,0.1,0.7000000000000001,-15.95404290154686
2021-06-09 20:00:00,2021-06-10 05:00:00,BUY,1.1262127284627674,1.124565700538897,sl,0.1,0.7000000000000001,-17.17027923870503
2021-06-12 07:00:00,2021-06-13 05:00:00,SELL,1.1307134030145032,1.124277372077044,tp,0.1,0.7000000000000001,63.66030937459148
2021-06-15 02:00:00,2021-06-15 16:00:00,BUY,1.1188115845657791,1.1159464783739932,sl,0.1,0.7000000000000001,-29.351061917859266
2021-06-16 00:00:00,2021-06-16 05:00:00,SELL,1.1154556814584013,1.110480540623328,tp,0.1,0.7000000000000001,49.051408350733325
2021-06-16 13:00:00,2021-06-16 14:00:00,BUY,1.1184954233724098,1.1141385554464684,signal,0.1,0.7000000000000001,-44.268679259413666
2021-06-16 14:00:00,2021-06-16 17:00:00,SELL,1.1141385554464684,1.1185275511175163,signal,0.1,0.7000000000000001,-44.589956710478916
2021-06-16 17:00:00,2021-06-16 22:00:00,BUY,1.1185275511175163,1.11219037384321,sl,0.1,0.7000000000000001,-64.07177274306382
2021-06-16 23:00:00,2021-06-17 02:00:00,SELL,1.1103872355409297,1.1009374433454728,tp,0.1,0.7000000000000001,93.79792195456831
2021-06-22 22:00:00,2021-06-23 01:00:00,BUY,1.0628139753194092,1.0637644559502446,tp,0.1,0.7000000000000001,8.804806308353598
2021-06-28 19:00:00,2021-06-29 03:00:00,SELL,1.0705952458365844,1.0716165655786185,sl,0.1,0.7000000000000001,-10.913197420341215
2021-06-29 21:00:00,2021-06-29 22:00:00,BUY,1.07181743466337,1.0708090275021613,signal,0.1,0.7000000000000001,-10.784071612086464
2021-06-29 22:00:00,2021-06-29 23:00:00,SELL,1.0708090275021613,1.0692580695718203,tp,0.1,0.7000000000000001,14.809579303409906
2021-07-03 01:00:00,2021-07-04 04:00:00,BUY,1.0675602175360444,1.0690046739839612,tp,0.1,0.7000000000000001,13.744564479167979
2021-07-05 00:00:00,2021-07-06 06:00:00,SELL,1.0677438347937476,1.0685859987754862,sl,0.1,0.7000000000000001,-9.121639817386418
2021-07-06 08:00:00,2021-07-07 01:00:00,BUY,1.06929668251671,1.0683453208929683,sl,0.1,0.7000000000000001,-10.213616237417643
2021-07-08 01:00:00,2021-07-08 15:00:00,SELL,1.068605124890785,1.0665168272157919,tp,0.1,0.7000000000000001,20.182976749931893
2021-07-13 17:00:00,2021-07-15 00:00:00,BUY,1.0534772435587918,1.0547236590332554,tp,0.1,0.7000000000000001,11.764154744635805
2021-07-15 12:00:00,2021-07-15 21:00:00,SELL,1.0529170495022684,1.0512514253127598,tp,0.1,0.7000000000000001,15.956241895085522
2021-07-17 19:00:00,2021-07-18 12:00:00,BUY,1.0469509477853394,1.0451882531899637,sl,0.1,0.7000000000000001,-18.326945953757026
2021-07-18 14:00:00,2021-07-18 21:00:00,SELL,1.0447739922761958,1.046269960235954,sl,0.1,0.7000000000000001,-15.659679597581487
2021-07-19 00:00:00,2021-07-20 16:00:00,BUY,1.0482640179569773,1.0468800072774473,signal,0.1,0.7000000000000001,-14.540106795299788
2021-07-20 16:00:00,2021-07-20 23:00:00,SELL,1.0468800072774473,1.0479916564283942,sl,0.1,0.7000000000000001,-11.816491509468586
2021-07-21 05:00:00,2021-07-21 23:00:00,BUY,1.0483620910587115,1.0504869480258228,tp,0.1,0.7000000000000001,20.548569671112883
2021-07-22 06:00:00,2021-07-22 07:00:00,SELL,1.046454740026358,1.0496438738748524,sl,0.1,0.7000000000000001,-32.59133848494397
2021-07-23 23:00:00,2021-07-24 14:00:00,BUY,1.0442057031523968,1.0426209057427005,sl,0.1,0.7000000000000001,-16.54797409696304
2021-07-24 17:00:00,2021-07-25 04:00:00,SELL,1.0413683957175577,1.0380676608144528,tp,0.1,0.7000000000000001,32.30734903104896
2021-07-25 23:00:00,2021-07-26 16:00:00,BUY,1.0433525978371838,1.040527940597086,sl,0.1,0.7000000000000001,-28.946572400978386
2021-07-26 19:00:00,2021-07-27 00:00:00,SELL,1.0393762001142346,1.0363294975158384,tp,0.1,0.7000000000000001,29.76702598396234
2021-07-28 03:00:00,2021-07-28 07:00:00,BUY,1.0380214235108962,1.0361613329839676,sl,0.1,0.7000000000000001,-19.300905269285927
2021-07-28 12:00:00,2021-07-29 02:00:00,SELL,1.0361240258698967,1.0336265358495793,tp,0.1,0.7000000000000001,24.27490020317406
2021-07-29 16:00:00,2021-07-29 20:00:00,BUY,1.0367955797494206,1.0355132959751985,sl,0.1,0.7000000000000001,-13.52283774222126
2021-08-04 14:00:00,2021-08-06 04:00:00,SELL,1.04632426412659,1.0481118470153328,signal,0.1,0.7000000000000001,-18.575828887428113
2021-08-06 04:00:00,2021-08-06 12:00:00,BUY,1.0481118470153328,1.0495635979218487,tp,0.1,0.7000000000000001,13.817509065159474
2021-08-07 12:00:00,2021-08-08 01:00:00,SELL,1.0476866875457083,1.0495575033659836,sl,0.1,0.7000000000000001,-19.408158202753732
2021-08-08 05:00:00,2021-08-08 06:00:00,BUY,1.0495816419085982,1.047644056953561,sl,0.1,0.7000000000000001,-20.075849550371526
2021-08-08 08:00:00,2021-08-08 12:00:00,SELL,1.0477156632337326,1.0496104770814731,sl,0.1,0.7000000000000001,-19.64813847740595
2021-08-08 13:00:00,2021-08-08 15:00:00,BUY,1.0499975861525306,1.0524312670659126,tp,0.1,0.7000000000000001,23.636809133820307
2021-08-10 07:00:00,2021-08-10 14:00:00,SELL,1.0512455611360583,1.0539873056337825,sl,0.1,0.7000000000000001,-28.11744497724241
2021-08-10 18:00:00,2021-08-10 22:00:00,BUY,1.054678219189887,1.051919707896158,sl,0.1,0.7000000000000001,-28.28511293728949
2021-08-11 00:00:00,2021-08-11 04:00:00,SELL,1.0522235328185068,1.0491807444134056,tp,0.1,0.7000000000000001,29.727884051011934
2021-08-11 19:00:00,2021-08-12 00:00:00,BUY,1.0528741091841536,1.0558389943754998,tp,0.1,0.7000000000000001,28.948851913461894
2021-08-16 11:00:00,2021-08-16 21:00:00,SELL,1.0614434462690883,1.0624998556627754,sl,0.1,0.7000000000000001,-11.264093936871188
2021-08-17 00:00:00,2021-08-17 06:00:00,BUY,1.063100138790607,1.0625098466649643,sl,0.1,0.7000000000000001,-6.602921256426552
2021-08-18 05:00:00,2021-08-18 11:00:00,SELL,1.0614552514841356,1.0632739486253286,sl,0.1,0.7000000000000001,-18.88697141193093
2021-08-18 16:00:00,2021-08-18 22:00:00,BUY,1.0638318173145425,1.0617018663393751,sl,0.1,0.7000000000000001,-21.999509751673273
2021-08-18 23:00:00,2021-08-19 18:00:00,SELL,1.061382572007858,1.0624242868645657,signal,0.1,0.7000000000000001,-11.117148567076763
2021-08-19 18:00:00,2021-08-19 20:00:00,BUY,1.0624242868645657,1.0614221329044582,sl,0.1,0.7000000000000001,-10.72153960107499
2021-08-19 23:00:00,2021-08-20 08:00:00,SELL,1.0611031150106616,1.0596597985987137,tp,0.1,0.7000000000000001,13.73316411947837
2021-08-21 10:00:00,2021-08-21 14:00:00,BUY,1.059974219537821,1.0575301092238567,sl,0.1,0.7000000000000001,-25.141103139642986
2021-08-21 16:00:00,2021-08-22 05:00:00,SELL,1.057311987466463,1.0536305887109332,tp,0.1,0.7000000000000001,36.11398755529752
2021-08-22 20:00:00,2021-08-23 02:00:00,BUY,1.0590816253355941,1.0557817030992296,sl,0.1,0.7000000000000001,-33.699222363645504
2021-08-23 03:00:00,2021-08-23 14:00:00,SELL,1.0539633063520677,1.0577348431870297,sl,0.1,0.7000000000000001,-38.41536834962009
2021-08-23 16:00:00,2021-08-25 11:00:00,BUY,1.0588800265983418,1.0597742224043476,signal,0.1,0.7000000000000001,8.241958060058042
2021-08-25 11:00:00,2021-08-25 17:00:00,SELL,1.0597742224043476,1.0578928425461338,tp,0.1,0.7000000000000001,18.113798582137942
2021-08-27 19:00:00,2021-08-27 22:00:00,BUY,1.0581864818649291,1.0573765661558785,sl,0.1,0.7000000000000001,-8.799157090506458
2021-08-28 00:00:00,2021-08-28 04:00:00,SELL,1.0570427283018755,1.0578472737967235,sl,0.1,0.7000000000000001,-8.745454948479857
2021-08-28 05:00:00,2021-08-28 13:00:00,BUY,1.0578439582675447,1.0570933443320143,signal,0.1,0.7000000000000001,-8.206139355304419
2021-08-28 13:00:00,2021-08-29 00:00:00,SELL,1.0570933443320143,1.0581389696860335,sl,0.1,0.7000000000000001,-11.156253540191972
2021-08-29 01:00:00,2021-08-29 21:00:00,BUY,1.0583185690429955,1.0597677959670067,tp,0.1,0.7000000000000001,13.792269240111711
2021-09-01 00:00:00,2021-09-01 03:00:00,SELL,1.0602176748580008,1.0593953411499653,tp,0.1,0.7000000000000001,7.523337080355277
2021-09-03 05:00:00,2021-09-03 07:00:00,BUY,1.059406046784878,1.0586583159007183,sl,0.1,0.7000000000000001,-8.17730884159692
2021-09-03 09:00:00,2021-09-03 10:00:00,SELL,1.0581992759512506,1.0587584679793067,signal,0.1,0.7000000000000001,-6.2919202805609915
2021-09-03 10:00:00,2021-09-03 11:00:00,BUY,1.0587584679793067,1.0585395097537778,signal,0.1,0.7000000000000001,-2.889582255289757
2021-09-03 11:00:00,2021-09-03 12:00:00,SELL,1.0585395097537778,1.058875402765503,signal,0.1,0.7000000000000001,-4.058930117252079
2021-09-03 12:00:00,2021-09-04 06:00:00,BUY,1.058875402765503,1.0599626846402301,tp,0.1,0.7000000000000001,10.172818747271752
2021-09-04 21:00:00,2021-09-05 06:00:00,SELL,1.0583964420014649,1.059800128556066,sl,0.1,0.7000000000000001,-14.736865546012135
2021-09-05 08:00:00,2021-09-05 13:00:00,BUY,1.061433736297546,1.059816578721993,sl,0.1,0.7000000000000001,-16.871575755528077
2021-09-05 20:00:00,2021-09-06 01:00:00,SELL,1.057842729463127,1.0549314705931363,tp,0.1,0.7000000000000001,28.412588699906628
2021-09-13 06:00:00,2021-09-14 06:00:00,BUY,1.0438791975208372,1.0462156394409763,tp,0.1,0.7000000000000001,22.664419201390434
2021-09-15 04:00:00,2021-09-15 05:00:00,SELL,1.0451441547769396,1.0462063605702663,signal,0.1,0.7000000000000001,-11.322057933267203
2021-09-15 05:00:00,2021-09-15 20:00:00,BUY,1.0462063605702663,1.0438327416812034,signal,0.1,0.7000000000000001,-24.436188890628454
2021-09-15 20:00:00,2021-09-16 07:00:00,SELL,1.0438327416812034,1.0398091408260028,tp,0.1,0.7000000000000001,39.53600855200593
2021-09-17 05:00:00,2021-09-17 19:00:00,BUY,1.0428422744420662,1.0457299866424627,tp,0.1,0.7000000000000001,28.1771220039652
2021-09-19 18:00:00,2021-09-19 19:00:00,SELL,1.0455716021081898,1.046814377757082,sl,0.1,0.7000000000000001,-13.127756488921914
2021-09-20 16:00:00,2021-09-21 01:00:00,BUY,1.0481425538336795,1.0467255507208741,sl,0.1,0.7000000000000001,-14.870031128053483
2021-09-21 20:00:00,2021-09-21 23:00:00,SELL,1.0462806144393437,1.0479028777656618,sl,0.1,0.7000000000000001,-16.922633263180963
2021-09-22 01:00:00,2021-09-22 06:00:00,BUY,1.0487364441721956,1.0517663111711244,tp,0.1,0.7000000000000001,29.59866998928821
2021-09-25 16:00:00,2021-09-25 22:00:00,SELL,1.0554705504971555,1.0588761595077838,sl,0.1,0.7000000000000001,-34.75609010628253
2021-09-26 20:00:00,2021-09-27 18:00:00,BUY,1.0588751180779248,1.0631201830724715,tp,0.1,0.7000000000000001,41.750649945466876
2021-10-01 03:00:00,2021-10-01 05:00:00,SELL,1.0700492563279427,1.0707573049517887,signal,0.1,0.7000000000000001,-7.780486238459916
2021-10-01 05:00:00,2021-10-01 06:00:00,BUY,1.0707573049517887,1.0695285752754375,signal,0.1,0.7000000000000001,-12.987296763511257
2021-10-01 06:00:00,2021-10-01 12:00:00,SELL,1.0695285752754375,1.0710765316163435,sl,0.1,0.7000000000000001,-16.17956340905987
2021-10-01 13:00:00,2021-10-01 13:00:00,BUY,1.0711072591357482,1.0692351888607148,sl,0.1,0.7000000000000001,-19.42070275033444
2021-10-01 14:00:00,2021-10-01 14:00:00,SELL,1.0689664127937777,1.070989635774501,sl,0.1,0.7000000000000001,-20.93222980723327
2021-10-01 15:00:00,2021-10-02 08:00:00,BUY,1.071045601020886,1.0742540142861403,tp,0.1,0.7000000000000001,31.384132652543396
2021-10-06 04:00:00,2021-10-06 07:00:00,SELL,1.0798312286291907,1.0813826923958632,sl,0.1,0.7000000000000001,-16.214637666724784
2021-10-06 08:00:00,2021-10-06 09:00:00,BUY,1.08155532308836,1.079614501072245,sl,0.1,0.7000000000000001,-20.10822016115007
2021-10-06 11:00:00,2021-10-06 16:00:00,SELL,1.0788961226438318,1.0759247442901005,tp,0.1,0.7000000000000001,29.013783537312914
2021-10-11 11:00:00,2021-10-12 20:00:00,BUY,1.0671440254494329,1.0651803113065013,signal,0.1,0.7000000000000001,-20.337141429316162
2021-10-12 20:00:00,2021-10-12 21:00:00,SELL,1.0651803113065013,1.0666580825665377,sl,0.1,0.7000000000000001,-15.477712600364535
2021-10-13 19:00:00,2021-10-13 20:00:00,BUY,1.0677247444801377,1.075129447476444,tp,0.1,0.7000000000000001,73.34702996306245
2021-10-15 16:00:00,2021-10-16 01:00:00,SELL,1.079448262442016,1.076807752839431,tp,0.1,0.7000000000000001,25.705096025849954
2021-10-16 16:00:00,2021-10-16 22:00:00,BUY,1.0795014373724447,1.0820659384536444,tp,0.1,0.7000000000000001,24.94501081199655
2021-10-17 19:00:00,2021-10-18 02:00:00,SELL,1.0803837407237185,1.0766160192657923,tp,0.1,0.7000000000000001,36.97721457926143
2021-10-19 13:00:00,2021-10-19 18:00:00,BUY,1.0773569283537567,1.0760941810484121,signal,0.1,0.7000000000000001,-13.327473053445914
2021-10-19 18:00:00,2021-10-20 12:00:00,SELL,1.0760941810484121,1.0773595057493681,signal,0.1,0.7000000000000001,-13.35324700955972
2021-10-20 12:00:00,2021-10-21 01:00:00,BUY,1.0773595057493681,1.075824514205149,sl,0.1,0.7000000000000001,-16.049915442190997
2021-10-21 05:00:00,2021-10-21 09:00:00,SELL,1.075563620361071,1.076912705709648,sl,0.1,0.7000000000000001,-14.190853485769173
2021-10-23 14:00:00,2021-10-25 05:00:00,BUY,1.0743171247012333,1.074087936482097,signal,0.1,0.7000000000000001,-2.991882191363115
2021-10-25 05:00:00,2021-10-25 12:00:00,SELL,1.074087936482097,1.074499187571333,sl,0.1,0.7000000000000001,-4.8125108923600886
2021-10-26 05:00:00,2021-10-26 08:00:00,BUY,1.0746423716836653,1.0751310397461844,tp,0.1,0.7000000000000001,4.186680625191264
2021-10-28 03:00:00,2021-10-28 21:00:00,SELL,1.0755183010813243,1.075848566301856,signal,0.1,0.7000000000000001,-4.002652205317003
2021-10-28 21:00:00,2021-10-28 23:00:00,BUY,1.075848566301856,1.0752073155931237,sl,0.1,0.7000000000000001,-7.112507087323327
2021-10-31 14:00:00,2021-11-01 17:00:00,SELL,1.0782115091741435,1.0785621924401054,signal,0.1,0.7000000000000001,-4.2068326596188195
2021-11-01 17:00:00,2021-11-02 02:00:00,BUY,1.0785621924401054,1.0781581541967367,sl,0.1,0.7000000000000001,-4.7403824336876506
2021-11-02 11:00:00,2021-11-02 17:00:00,SELL,1.077947343629056,1.0784376389268047,sl,0.1,0.7000000000000001,-5.602952977485775
2021-11-02 19:00:00,2021-11-03 03:00:00,BUY,1.0786320852059341,1.0780248929954415,sl,0.1,0.7000000000000001,-6.771922104926575
2021-11-03 07:00:00,2021-11-03 09:00:00,SELL,1.077740288862179,1.0767694727117387,tp,0.1,0.7000000000000001,9.008161504402569
2021-11-04 14:00:00,2021-11-04 20:00:00,BUY,1.0779496493662215,1.075766125750461,sl,0.1,0.7000000000000001,-22.535236157605745
2021-11-04 21:00:00,2021-11-05 20:00:00,SELL,1.0752942441490199,1.0773178896953846,sl,0.1,0.7000000000000001,-20.93645546364694
2021-11-05 21:00:00,2021-11-06 07:00:00,BUY,1.0776944457687836,1.0759109515622793,sl,0.1,0.7000000000000001,-18.53494206504255
2021-11-06 11:00:00,2021-11-06 18:00:00,SELL,1.0752194382104476,1.076271244426428,sl,0.1,0.7000000000000001,-11.218062159803333
2021-11-07 11:00:00,2021-11-07 15:00:00,BUY,1.075856922946569,1.0771962448271288,tp,0.1,0.7000000000000001,12.693218805597407
2021-11-08 19:00:00,2021-11-08 21:00:00,SELL,1.0758528545318544,1.0744027969951846,tp,0.1,0.7000000000000001,13.800575366698244
2021-11-10 02:00:00,2021-11-10 05:00:00,BUY,1.0759059757768434,1.0747248847376745,sl,0.1,0.7000000000000001,-12.510910391689688
2021-11-10 15:00:00,2021-11-10 20:00:00,SELL,1.0730260992609921,1.069979386336849,tp,0.1,0.7000000000000001,29.76712924143158
2021-11-14 01:00:00,2021-11-14 23:00:00,BUY,1.0682537325232824,1.0769975564601029,tp,0.1,0.7000000000000001,86.73823936820494
2021-11-16 06:00:00,2021-11-16 17:00:00,SELL,1.0743744245921822,1.0780817457789573,sl,0.1,0.7000000000000001,-37.77321186775081
2021-11-16 20:00:00,2021-11-17 00:00:00,BUY,1.0789696085048441,1.075719998736394,sl,0.1,0.7000000000000001,-33.19609768450235
2021-11-17 04:00:00,2021-11-17 06:00:00,SELL,1.075535843923476,1.0777471171808009,signal,0.1,0.7000000000000001,-22.81273257324953
2021-11-17 06:00:00,2021-11-17 08:00:00,BUY,1.0777471171808009,1.075437419580425,signal,0.1,0.7000000000000001,-23.796976003758044
2021-11-17 08:00:00,2021-11-17 15:00:00,SELL,1.075437419580425,1.0702650423768651,tp,0.1,0.7000000000000001,51.023772035598974
2021-11-19 05:00:00,2021-11-20 01:00:00,BUY,1.0717517799951306,1.0741325078799837,tp,0.1,0.7000000000000001,23.10727884853107
2021-11-21 03:00:00,2021-11-21 19:00:00,SELL,1.0723530995985149,1.0733083431464692,sl,0.1,0.7000000000000001,-10.252435479542877
2021-11-21 21:00:00,2021-11-22 03:00:00,BUY,1.0750085162370977,1.076993122443446,tp,0.1,0.7000000000000001,19.146062063482166
2021-11-24 17:00:00,2021-11-24 20:00:00,SELL,1.0774913575591298,1.07853946849506,sl,0.1,0.7000000000000001,-11.181109359301576
2021-11-24 22:00:00,2021-11-25 00:00:00,BUY,1.0785857224599675,1.0774369688965462,sl,0.1,0.7000000000000001,-12.187535634213674
2021-11-25 01:00:00,2021-11-25 05:00:00,SELL,1.0775316898575684,1.0755897259921905,tp,0.1,0.7000000000000001,18.719638653779274
2021-11-25 17:00:00,2021-11-26 04:00:00,BUY,1.0792245310068658,1.0774562838321293,sl,0.1,0.7000000000000001,-18.38247174736448
2021-11-26 08:00:00,2021-11-26 10:00:00,SELL,1.0766629296462056,1.0743374793220273,tp,0.1,0.7000000000000001,22.554503241783024
2021-11-27 17:00:00,2021-11-27 23:00:00,BUY,1.0760567008992759,1.0779336540356967,tp,0.1,0.7000000000000001,18.069531364208892
2021-11-28 13:00:00,2021-11-30 09:00:00,SELL,1.073686945489188,1.073016756018711,signal,0.1,0.7000000000000001,6.001894704770339
2021-11-30 09:00:00,2021-11-30 16:00:00,BUY,1.073016756018711,1.0713382936392684,sl,0.1,0.7000000000000001,-17.4846237944258
2021-11-30 17:00:00,2021-11-30 22:00:00,SELL,1.0702925554046085,1.071889297551853,sl,0.1,0.7000000000000001,-16.667421472444786
2021-12-01 04:00:00,2021-12-01 06:00:00,BUY,1.0741787171895618,1.0719368915298952,sl,0.1,0.7000000000000001,-23.11825659666574
2021-12-01 08:00:00,2021-12-02 03:00:00,SELL,1.071096764948712,1.0720352683286987,signal,0.1,0.7000000000000001,-10.085033799866881
2021-12-02 03:00:00,2021-12-02 22:00:00,BUY,1.0720352683286987,1.074214686579253,tp,0.1,0.7000000000000001,21.094182505543436
2021-12-03 19:00:00,2021-12-04 04:00:00,SELL,1.072637730871241,1.0696884053324711,tp,0.1,0.7000000000000001,28.793255387698096
2021-12-04 17:00:00,2021-12-06 00:00:00,BUY,1.0783324713467246,1.073871594689999,signal,0.1,0.7000000000000001,-45.30876656725566
2021-12-06 00:00:00,2021-12-06 03:00:00,SELL,1.073871594689999,1.0781045347994973,sl,0.1,0.7000000000000001,-43.029401094982624
2021-12-06 07:00:00,2021-12-06 11:00:00,BUY,1.081974621725681,1.08895285291523,tp,0.1,0.7000000000000001,69.08231189548988
2021-12-07 20:00:00,2021-12-08 01:00:00,SELL,1.0827871274273142,1.086825713032747,sl,0.1,0.7000000000000001,-41.08585605432799
2021-12-09 05:00:00,2021-12-09 11:00:00,BUY,1.0837827258874742,1.0897079916362997,tp,0.1,0.7000000000000001,58.552657488255704
2021-12-11 15:00:00,2021-12-11 20:00:00,SELL,1.0930655209808247,1.0947164073957347,sl,0.1,0.7000000000000001,-17.208864149100688
2021-12-11 22:00:00,2021-12-12 07:00:00,BUY,1.0950095427509328,1.0973056579964326,tp,0.1,0.7000000000000001,22.261152454998857
2021-12-13 16:00:00,2021-12-13 18:00:00,SELL,1.09629147962032,1.095543975819194,tp,0.1,0.7000000000000001,6.775038011259816
2021-12-14 08:00:00,2021-12-14 14:00:00,BUY,1.0971819746292004,1.0962028848761147,sl,0.1,0.7000000000000001,-10.490897530856936
2021-12-15 00:00:00,2021-12-15 02:00:00,SELL,1.0959160759646944,1.0945763360517902,tp,0.1,0.7000000000000001,12.697399129042587
2021-12-16 15:00:00,2021-12-18 04:00:00,BUY,1.0945967766927993,1.094174405621904,signal,0.1,0.7000000000000001,-4.923710708952666
2021-12-18 04:00:00,2021-12-18 05:00:00,SELL,1.094174405621904,1.0950606922189103,signal,0.1,0.7000000000000001,-9.562865970062916
2021-12-18 05:00:00,2021-12-18 06:00:00,BUY,1.0950606922189103,1.0943577142145164,signal,0.1,0.7000000000000001,-7.729780043938949
2021-12-18 06:00:00,2021-12-19 00:00:00,SELL,1.0943577142145164,1.0947122549187809,signal,0.1,0.7000000000000001,-4.245407042644389
2021-12-19 00:00:00,2021-12-19 02:00:00,BUY,1.0947122549187809,1.094142957917328,sl,0.1,0.7000000000000001,-6.392970014528065
2021-12-20 12:00:00,2021-12-20 19:00:00,SELL,1.0946601962370794,1.0956905605959097,sl,0.1,0.7000000000000001,-11.003643588303046
2021-12-20 20:00:00,2021-12-21 13:00:00,BUY,1.0957858377595386,1.0973376843650633,tp,0.1,0.7000000000000001,14.818466055246539
2021-12-21 23:00:00,2021-12-22 00:00:00,SELL,1.0956791900139389,1.0965341187572444,signal,0.1,0.7000000000000001,-9.249287433055054
2021-12-22 00:00:00,2021-12-22 02:00:00,BUY,1.0965341187572444,1.095337583154102,sl,0.1,0.7000000000000001,-12.665356031424789
2021-12-22 04:00:00,2021-12-22 13:00:00,SELL,1.0944840585476399,1.0923943034987431,tp,0.1,0.7000000000000001,20.19755048896747
2021-12-23 17:00:00,2021-12-23 17:00:00,BUY,1.0943385221789712,1.0933015249821223,sl,0.1,0.7000000000000001,-11.0699719684891
2021-12-23 18:00:00,2021-12-23 18:00:00,SELL,1.0934086866636967,1.0945456322725697,sl,0.1,0.7000000000000001,-12.069456088730078
2021-12-23 19:00:00,2021-12-23 20:00:00,BUY,1.0945789892289968,1.0963091315046174,tp,0.1,0.7000000000000001,16.601422756206276
2021-12-24 05:00:00,2021-12-24 19:00:00,SELL,1.0922163639732057,1.0890402708815132,tp,0.1,0.7000000000000001,31.060930916924224
2021-12-25 09:00:00,2021-12-27 20:00:00,BUY,1.0981686083212963,1.0992688225396583,signal,0.1,0.7000000000000001,10.302142183620392
2021-12-27 20:00:00,2021-12-28 18:00:00,SELL,1.0992688225396583,1.1003753363702782,signal,0.1,0.7000000000000001,-11.765138306198818
2021-12-28 18:00:00,2021-12-29 08:00:00,BUY,1.1003753363702782,1.0991804066728916,sl,0.1,0.7000000000000001,-12.649296973865486
2021-12-29 11:00:00,2021-12-29 14:00:00,SELL,1.0989481250812139,1.0997718047814642,sl,0.1,0.7000000000000001,-8.936797002503237
2021-12-31 02:00:00,2021-12-31 04:00:00,BUY,1.0982211286764854,1.0968742340208564,sl,0.1,0.7000000000000001,-14.16894655628983
2021-12-31 05:00:00,2021-12-31 11:00:00,SELL,1.0967635030571683,1.098106916682496,sl,0.1,0.7000000000000001,-14.134136253276386
2021-12-31 12:00:00,2022-01-01 06:00:00,BUY,1.0982643095217342,1.0968860974904227,sl,0.1,0.7000000000000001,-14.482120313114986
2022-01-01 07:00:00,2022-01-01 10:00:00,SELL,1.096637772939671,1.0975957870062694,sl,0.1,0.7000000000000001,-10.280140665983449
2022-01-01 16:00:00,2022-01-01 23:00:00,BUY,1.098458943862633,1.0972982275977372,sl,0.1,0.7000000000000001,-12.30716264895889
2022-01-02 14:00:00,2022-01-02 23:00:00,SELL,1.0963285519869932,1.0983995240585036,sl,0.1,0.7000000000000001,-21.40972071510413
2022-01-03 02:00:00,2022-01-03 12:00:00,BUY,1.0991546942603183,1.0976470275662324,sl,0.1,0.7000000000000001,-15.776666940858629
2022-01-03 15:00:00,2022-01-03 16:00:00,SELL,1.0970342555777668,1.098139899205476,sl,0.1,0.7000000000000001,-11.756436277092629
2022-01-05 22:00:00,2022-01-06 05:00:00,BUY,1.0952103626772156,1.0942914564768216,sl,0.1,0.7000000000000001,-9.88906200394032
2022-01-06 20:00:00,2022-01-07 04:00:00,SELL,1.0938978429808064,1.0927248692051055,tp,0.1,0.7000000000000001,11.02973775700914
2022-01-08 03:00:00,2022-01-08 07:00:00,BUY,1.093967245191443,1.0928698434179231,sl,0.1,0.7000000000000001,-11.674017735199126
2022-01-08 09:00:00,2022-01-08 16:00:00,SELL,1.0928326277625415,1.0940023061554498,sl,0.1,0.7000000000000001,-12.396783929082687
2022-01-08 18:00:00,2022-01-08 18:00:00,BUY,1.0939461672775181,1.0926133619153875,sl,0.1,0.7000000000000001,-14.028053621306512
2022-01-08 19:00:00,2022-01-09 04:00:00,SELL,1.0926014792161656,1.0940257895301109,sl,0.1,0.7000000000000001,-14.943103139452983
2022-01-09 06:00:00,2022-01-09 15:00:00,BUY,1.0939923841496793,1.097232045602341,tp,0.1,0.7000000000000001,31.696614526617463
2022-01-13 02:00:00,2022-01-13 05:00:00,SELL,1.1030503561383884,1.1045895443233116,sl,0.1,0.7000000000000001,-16.09188184923157
2022-01-14 08:00:00,2022-01-14 12:00:00,BUY,1.1051752054949193,1.1032929581685151,signal,0.1,0.7000000000000001,-19.52247326404185
2022-01-14 12:00:00,2022-01-15 01:00:00,SELL,1.1032929581685151,1.1046960016433687,signal,0.1,0.7000000000000001,-14.730434748535382
2022-01-15 01:00:00,2022-01-16 09:00:00,BUY,1.1046960016433687,1.1040479150870774,signal,0.1,0.7000000000000001,-7.180865562912275
2022-01-16 09:00:00,2022-01-16 14:00:00,SELL,1.1040479150870774,1.104806097249539,sl,0.1,0.7000000000000001,-8.281821624615958
2022-01-18 02:00:00,2022-01-18 14:00:00,BUY,1.1041591988882267,1.105746768909709,tp,0.1,0.7000000000000001,15.175700214822431
2022-01-19 13:00:00,2022-01-19 18:00:00,SELL,1.1037499680304432,1.105103999302762,sl,0.1,0.7000000000000001,-14.24031272318812
2022-01-19 21:00:00,2022-01-21 07:00:00,BUY,1.105990611115345,1.1077549105556526,tp,0.1,0.7000000000000001,16.942994403075375
2022-01-21 15:00:00,2022-01-21 18:00:00,SELL,1.1046631936429367,1.1026338362384704,tp,0.1,0.7000000000000001,19.593574044663033
2022-01-22 22:00:00,2022-01-23 09:00:00,BUY,1.1051839779309052,1.107792389575915,tp,0.1,0.7000000000000001,25.384116450098006
2022-01-24 13:00:00,2022-01-26 05:00:00,SELL,1.1080896140273546,1.1082426959523695,signal,0.1,0.7000000000000001,-2.2308192501484188
2022-01-26 05:00:00,2022-01-26 23:00:00,BUY,1.1082426959523695,1.1070183225267565,sl,0.1,0.7000000000000001,-12.9437342561299
2022-01-27 00:00:00,2022-01-27 07:00:00,SELL,1.1069885958110048,1.1081110344403802,sl,0.1,0.7000000000000001,-11.92438629375333
2022-01-27 11:00:00,2022-01-27 13:00:00,BUY,1.108671093462904,1.107772716077135,sl,0.1,0.7000000000000001,-9.683773857691445
2022-01-27 16:00:00,2022-01-27 17:00:00,SELL,1.1073834472171056,1.1080855053013434,signal,0.1,0.7000000000000001,-7.720580842378443
2022-01-27 17:00:00,2022-01-28 06:00:00,BUY,1.1080855053013434,1.1092728305804065,tp,0.1,0.7000000000000001,11.173252790630674
2022-01-28 18:00:00,2022-01-29 21:00:00,SELL,1.1077968094933979,1.1068706928761614,tp,0.1,0.7000000000000001,8.561166172365166
2022-01-30 06:00:00,2022-01-30 06:00:00,BUY,1.1084523175738608,1.1076951131910695,sl,0.1,0.7000000000000001,-8.272043827912544
2022-01-30 16:00:00,2022-01-30 23:00:00,SELL,1.106528753837626,1.1081007742727487,sl,0.1,0.7000000000000001,-16.42020435122612
2022-01-31 05:00:00,2022-01-31 13:00:00,BUY,1.1084059710573848,1.1105921639064815,tp,0.1,0.7000000000000001,21.16192849096713
2022-02-01 09:00:00,2022-02-02 01:00:00,SELL,1.1087537838963615,1.1091240239052442,signal,0.1,0.7000000000000001,-4.402400088827496
2022-02-02 01:00:00,2022-02-02 03:00:00,BUY,1.1091240239052442,1.1081851253312454,sl,0.1,0.7000000000000001,-10.088985739988697
2022-02-02 04:00:00,2022-02-02 12:00:00,SELL,1.108054837866271,1.1067749911757712,tp,0.1,0.7000000000000001,12.09846690499742
2022-02-04 18:00:00,2022-02-05 05:00:00,BUY,1.1042441850165967,1.1071263662354753,tp,0.1,0.7000000000000001,28.121812188786215
2022-02-11 04:00:00,2022-02-12 04:00:00,SELL,1.125163326613303,1.1239577339762148,tp,0.1,0.7000000000000001,11.355926370881933
2022-02-13 21:00:00,2022-02-13 22:00:00,BUY,1.1253957460352755,1.1240146056186158,sl,0.1,0.7000000000000001,-14.511404166597098
2022-02-14 04:00:00,2022-02-14 12:00:00,SELL,1.1230078121894438,1.1246734552767514,sl,0.1,0.7000000000000001,-17.356430873076555
2022-02-15 06:00:00,2022-02-16 18:00:00,BUY,1.124216663407608,1.1262883420159022,tp,0.1,0.7000000000000001,20.016786082941586
2022-02-17 21:00:00,2022-02-18 02:00:00,SELL,1.1245479460071035,1.1216366489743455,tp,0.1,0.7000000000000001,28.41297032758054
2022-02-21 12:00:00,2022-02-22 11:00:00,BUY,1.1085938315863273,1.1061401605058465,signal,0.1,0.7000000000000001,-25.236710804807796
2022-02-22 11:00:00,2022-02-22 15:00:00,SELL,1.1061401605058465,1.1046438034693022,tp,0.1,0.7000000000000001,14.263570365442714
2022-02-24 00:00:00,2022-02-24 10:00:00,BUY,1.1054560390672619,1.1070702329143538,tp,0.1,0.7000000000000001,15.441938470919382
2022-02-28 11:00:00,2022-02-28 21:00:00,SELL,1.1210589775240827,1.1222627381583845,sl,0.1,0.7000000000000001,-12.737606343018314
2022-03-01 00:00:00,2022-03-01 16:00:00,BUY,1.1227260436582718,1.1248203675151247,tp,0.1,0.7000000000000001,20.24323856852931
2022-03-04 16:00:00,2022-03-04 16:00:00,SELL,1.1263963461647208,1.1267849469898894,sl,0.1,0.7000000000000001,-4.586008251685613
2022-03-04 17:00:00,2022-03-05 03:00:00,BUY,1.1268594652718236,1.1264334135078786,sl,0.1,0.7000000000000001,-4.960517639449457
2022-03-05 06:00:00,2022-03-05 16:00:00,SELL,1.125804016349731,1.1249566680182876,tp,0.1,0.7000000000000001,7.773483314432872
2022-03-06 14:00:00,2022-03-06 17:00:00,BUY,1.1260599027237883,1.1248613961811806,sl,0.1,0.7000000000000001,-12.68506542607669
2022-03-06 18:00:00,2022-03-07 10:00:00,SELL,1.1247769440839113,1.1255425498478893,signal,0.1,0.7000000000000001,-8.356057639779944
2022-03-07 10:00:00,2022-03-07 21:00:00,BUY,1.1255425498478893,1.1247331566983454,sl,0.1,0.7000000000000001,-8.793931495438688
2022-03-07 23:00:00,2022-03-08 00:00:00,SELL,1.1241970841130613,1.1230188882929093,tp,0.1,0.7000000000000001,11.08195820151995
2022-03-08 19:00:00,2022-03-08 21:00:00,BUY,1.1246172291957428,1.1232632027313894,sl,0.1,0.7000000000000001,-14.240264643534527
2022-03-08 22:00:00,2022-03-09 17:00:00,SELL,1.1231918080985008,1.1241667774376327,signal,0.1,0.7000000000000001,-10.449693391318814
2022-03-09 17:00:00,2022-03-09 17:00:00,BUY,1.1241667774376327,1.122766012019141,sl,0.1,0.7000000000000001,-14.707654184917672
2022-03-09 18:00:00,2022-03-09 18:00:00,SELL,1.1226938882957218,1.1242470520423198,sl,0.1,0.7000000000000001,-16.23163746597974
2022-03-09 19:00:00,2022-03-10 07:00:00,BUY,1.1254760548809062,1.1281634027882042,tp,0.1,0.7000000000000001,26.173479072979656
2022-03-11 19:00:00,2022-03-13 18:00:00,SELL,1.1267600333526493,1.1269438682713893,signal,0.1,0.7000000000000001,-2.5383491873996684
2022-03-13 18:00:00,2022-03-13 19:00:00,BUY,1.1269438682713893,1.1262685884311245,sl,0.1,0.7000000000000001,-7.452798402647199
2022-03-13 21:00:00,2022-03-14 00:00:00,SELL,1.1259162229797528,1.1246244199844073,tp,0.1,0.7000000000000001,12.218029953454813
2022-03-15 02:00:00,2022-03-15 02:00:00,BUY,1.126099476190969,1.1249600919756342,sl,0.1,0.7000000000000001,-12.09384215334882
2022-03-16 03:00:00,2022-03-16 14:00:00,SELL,1.1245019403845058,1.1231304534335431,tp,0.1,0.7000000000000001,13.01486950962675
2022-03-19 01:00:00,2022-03-19 02:00:00,BUY,1.1208114354148158,1.1196897324320503,sl,0.1,0.7000000000000001,-11.917029827654824
2022-03-19 03:00:00,2022-03-19 10:00:00,SELL,1.1187226223988427,1.1200810731997664,sl,0.1,0.7000000000000001,-14.284508009236717
2022-03-19 19:00:00,2022-03-19 21:00:00,BUY,1.1217461199279044,1.1247824688026267,tp,0.1,0.7000000000000001,29.663488747222615
2022-03-21 05:00:00,2022-03-22 03:00:00,SELL,1.1212624375376414,1.117177549023632,tp,0.1,0.7000000000000001,40.14888514009455
2022-03-23 17:00:00,2022-03-23 19:00:00,BUY,1.11876811999235,1.122414433221442,tp,0.1,0.7000000000000001,35.763132290920346
2022-03-25 05:00:00,2022-03-25 23:00:00,SELL,1.1222300488480037,1.1161648132463666,tp,0.1,0.7000000000000001,59.95235601637076
2022-03-27 09:00:00,2022-03-27 10:00:00,BUY,1.1195705292045572,1.1171153182427698,sl,0.1,0.7000000000000001,-25.252109617874687
2022-03-28 12:00:00,2022-03-29 03:00:00,SELL,1.1152802472370933,1.1111647586411288,tp,0.1,0.7000000000000001,40.45488595964445
2022-03-29 22:00:00,2022-03-30 05:00:00,BUY,1.1142265359561947,1.1136609575712761,signal,0.1,0.7000000000000001,-6.355783849185525
2022-03-30 05:00:00,2022-03-30 17:00:00,SELL,1.1136609575712761,1.111592914786759,tp,0.1,0.7000000000000001,19.980427845172212
2022-04-01 10:00:00,2022-04-01 15:00:00,BUY,1.1125812281341014,1.112112534530233,sl,0.1,0.7000000000000001,-5.386936038684753
2022-04-01 17:00:00,2022-04-01 17:00:00,SELL,1.1120539541967933,1.1125632605625568,sl,0.1,0.7000000000000001,-5.7930636576351775
2022-04-01 18:00:00,2022-04-01 20:00:00,BUY,1.112608872805479,1.1120331190808561,sl,0.1,0.7000000000000001,-6.457537246229294
2022-04-01 22:00:00,2022-04-01 22:00:00,SELL,1.1120619774644795,1.1111682650223116,tp,0.1,0.7000000000000001,8.2371244216796
2022-04-04 03:00:00,2022-04-04 06:00:00,BUY,1.1086448074044417,1.1071090574550775,sl,0.1,0.7000000000000001,-16.057499493642293
2022-04-04 08:00:00,2022-04-04 17:00:00,SELL,1.1067986217186738,1.1040938763491845,tp,0.1,0.7000000000000001,26.34745369489281
2022-04-05 00:00:00,2022-04-05 05:00:00,BUY,1.1113085248880834,1.1083793170440006,sl,0.1,0.7000000000000001,-29.99207844082793
2022-04-05 11:00:00,2022-04-07 07:00:00,SELL,1.1049368899743826,1.1044247360979884,signal,0.1,0.7000000000000001,4.421538763941391
2022-04-07 07:00:00,2022-04-07 10:00:00,BUY,1.1044247360979884,1.1052909447112271,tp,0.1,0.7000000000000001,7.962086132387172
2022-04-12 11:00:00,2022-04-12 16:00:00,SELL,1.112631795208629,1.110434862572108,tp,0.1,0.7000000000000001,21.269326365209874
2022-04-13 10:00:00,2022-04-13 12:00:00,BUY,1.1142381711973284,1.1169548497805533,tp,0.1,0.7000000000000001,26.466785832248856
2022-04-14 19:00:00,2022-04-15 10:00:00,SELL,1.114711671411137,1.1126964839103475,tp,0.1,0.7000000000000001,19.451875007894394
2022-04-19 07:00:00,2022-04-19 09:00:00,BUY,1.1096236659736725,1.1079341439287853,sl,0.1,0.7000000000000001,-17.595220448871483
2022-04-20 06:00:00,2022-04-20 09:00:00,SELL,1.107621459256915,1.10970678359554,sl,0.1,0.7000000000000001,-21.553243386251832
2022-04-20 10:00:00,2022-04-20 18:00:00,BUY,1.110428826627779,1.10819076092518,sl,0.1,0.7000000000000001,-23.080657025991012
2022-04-20 19:00:00,2022-04-20 22:00:00,SELL,1.1077803605082517,1.1098728249641945,sl,0.1,0.7000000000000001,-21.624644559428
2022-04-21 00:00:00,2022-04-22 11:00:00,BUY,1.1113517456875985,1.11098811602473,signal,0.1,0.7000000000000001,-4.336296628686253
2022-04-22 11:00:00,2022-04-23 01:00:00,SELL,1.11098811602473,1.1117963693916322,signal,0.1,0.7000000000000001,-8.782533669022673
2022-04-23 01:00:00,2022-04-23 05:00:00,BUY,1.1117963693916322,1.11137682451771,sl,0.1,0.7000000000000001,-4.895448739221508
2022-04-23 10:00:00,2022-04-23 16:00:00,SELL,1.1111898368012874,1.110631696812699,tp,0.1,0.7000000000000001,4.881399885883353
2022-04-25 05:00:00,2022-04-25 10:00:00,BUY,1.1102193630918848,1.1124151361445613,tp,0.1,0.7000000000000001,21.257730526764863
2022-04-26 06:00:00,2022-04-26 11:00:00,SELL,1.1101745993550398,1.1074395058941728,tp,0.1,0.7000000000000001,26.650934608669775
2022-04-27 21:00:00,2022-04-28 05:00:00,BUY,1.1082362296207076,1.1108610490617326,tp,0.1,0.7000000000000001,25.548194410249952
2022-05-02 06:00:00,2022-05-02 09:00:00,SELL,1.11154050842636,1.1108253033993143,tp,0.1,0.7000000000000001,6.452050270458066
2022-05-02 20:00:00,2022-05-03 15:00:00,BUY,1.1135658914283646,1.1118734663298289,sl,0.1,0.7000000000000001,-17.624250985357328
2022-05-03 16:00:00,2022-05-03 19:00:00,SELL,1.11171253405165,1.1136168192040625,sl,0.1,0.7000000000000001,-19.74285152412477
2022-05-04 12:00:00,2022-05-04 18:00:00,BUY,1.1157982356682128,1.1192296011374385,tp,0.1,0.7000000000000001,33.613654692257334
2022-05-05 21:00:00,2022-05-05 22:00:00,SELL,1.1157194853752945,1.1178441822892211,sl,0.1,0.7000000000000001,-21.94696913926583
2022-05-05 23:00:00,2022-05-07 15:00:00,BUY,1.1178900705018884,1.11840371872814,signal,0.1,0.7000000000000001,4.436482262515507
2022-05-07 15:00:00,2022-05-07 16:00:00,SELL,1.11840371872814,1.1189552468213935,signal,0.1,0.7000000000000001,-6.215280932535394
2022-05-07 16:00:00,2022-05-08 07:00:00,BUY,1.1189552468213935,1.1205576998810725,tp,0.1,0.7000000000000001,15.324530596789877
2022-05-10 15:00:00,2022-05-10 23:00:00,SELL,1.1217334074683678,1.124854411783517,sl,0.1,0.7000000000000001,-31.910043151492783
2022-05-11 14:00:00,2022-05-11 17:00:00,BUY,1.1264006801699866,1.1229419747634388,sl,0.1,0.7000000000000001,-35.287054065478024
2022-05-11 20:00:00,2022-05-12 07:00:00,SELL,1.1223447293710165,1.1165668275340748,tp,0.1,0.7000000000000001,57.07901836941712
2022-05-12 19:00:00,2022-05-13 01:00:00,BUY,1.1224285699242698,1.1200335628362887,signal,0.1,0.7000000000000001,-24.65007087981016
2022-05-13 01:00:00,2022-05-13 16:00:00,SELL,1.1200335628362887,1.122188426238693,sl,0.1,0.7000000000000001,-22.248634024042282
2022-05-13 18:00:00,2022-05-14 04:00:00,BUY,1.1231453852037696,1.125828971716377,tp,0.1,0.7000000000000001,26.135865126073615
2022-05-15 16:00:00,2022-05-16 08:00:00,SELL,1.1248010046136943,1.1209013109887693,tp,0.1,0.7000000000000001,38.29693624924927
2022-05-24 04:00:00,2022-05-24 08:00:00,BUY,1.1028420769743381,1.1050447680245785,tp,0.1,0.7000000000000001,21.326910502404022
2022-05-26 13:00:00,2022-05-26 20:00:00,SELL,1.1025481553690863,1.1009445810761112,tp,0.1,0.7000000000000001,15.335742929751962
2022-05-27 20:00:00,2022-05-28 03:00:00,BUY,1.1047282383095072,1.1075321952195656,tp,0.1,0.7000000000000001,27.339569100584143
2022-05-29 02:00:00,2022-05-29 14:00:00,SELL,1.1046122941462584,1.099482609730991,tp,0.1,0.7000000000000001,50.59684415267289
2022-05-30 10:00:00,2022-05-31 02:00:00,BUY,1.105928582989493,1.102848536471757,signal,0.1,0.7000000000000001,-31.50046517735857
2022-05-31 02:00:00,2022-05-31 22:00:00,SELL,1.102848536471757,1.098927507669097,tp,0.1,0.7000000000000001,38.51028802660098
2022-06-01 23:00:00,2022-06-02 04:00:00,BUY,1.1022440488233372,1.1054759883639016,tp,0.1,0.7000000000000001,31.619395405644436
2022-06-02 19:00:00,2022-06-03 01:00:00,SELL,1.0985344554435759,1.1014247033660225,sl,0.1,0.7000000000000001,-29.602479224466318
2022-06-03 04:00:00,2022-06-03 06:00:00,BUY,1.103570127701268,1.1006806513570548,sl,0.1,0.7000000000000001,-29.594763442131047
2022-06-03 09:00:00,2022-06-03 12:00:00,SELL,1.0996313919660676,1.0956081733024832,tp,0.1,0.7000000000000001,39.5321866358446
2022-06-04 02:00:00,2022-06-04 05:00:00,BUY,1.1039665746160536,1.108792367550773,tp,0.1,0.7000000000000001,47.557929347192974
2022-06-05 11:00:00,2022-06-05 15:00:00,SELL,1.105439771643573,1.1076425330612332,sl,0.1,0.7000000000000001,-22.727614176600706
2022-06-06 16:00:00,2022-06-06 19:00:00,BUY,1.1080577716258968,1.106495381117112,sl,0.1,0.7000000000000001,-16.323905087847056
2022-06-06 22:00:00,2022-06-07 03:00:00,SELL,1.105696365034756,1.1035161946858463,tp,0.1,0.7000000000000001,21.101703489097158
2022-06-08 09:00:00,2022-06-08 12:00:00,BUY,1.1048203268063852,1.1034970491238343,signal,0.1,0.7000000000000001,-13.932776825509162
2022-06-08 12:00:00,2022-06-09 00:00:00,SELL,1.1034970491238343,1.1005667721025776,tp,0.1,0.7000000000000001,28.602770212567
2022-06-11 13:00:00,2022-06-11 23:00:00,BUY,1.0973712482386562,1.0970159709157743,sl,0.1,0.7000000000000001,-4.252773228818751
2022-06-12 01:00:00,2022-06-12 04:00:00,SELL,1.0962784473192966,1.0956755580660746,tp,0.1,0.7000000000000001,5.328892532219387
2022-06-13 11:00:00,2022-06-13 18:00:00,BUY,1.09606924242279,1.0952203592763838,sl,0.1,0.7000000000000001,-9.188831464061874
2022-06-14 07:00:00,2022-06-14 16:00:00,SELL,1.0951370471040116,1.0957067209151579,sl,0.1,0.7000000000000001,-6.396738111462541
2022-06-14 19:00:00,2022-06-15 00:00:00,BUY,1.095730090996629,1.0965580432979423,tp,0.1,0.7000000000000001,7.57952301313273
2022-06-15 19:00:00,2022-06-15 20:00:00,SELL,1.095310972586817,1.0961131514334606,sl,0.1,0.7000000000000001,-8.721788466434642
2022-06-15 21:00:00,2022-06-16 11:00:00,BUY,1.0965091473667188,1.0956750095428514,sl,0.1,0.7000000000000001,-9.041378238674312
2022-06-16 12:00:00,2022-06-16 21:00:00,SELL,1.095508234144213,1.0962582714310511,sl,0.1,0.7000000000000001,-8.2003728683809
2022-06-23 08:00:00,2022-06-23 09:00:00,BUY,1.084167513846967,1.0826919385874383,sl,0.1,0.7000000000000001,-15.455752595287942
2022-06-23 10:00:00,2022-06-24 01:00:00,SELL,1.0817228874127272,1.0792669073977668,tp,0.1,0.7000000000000001,23.859800149603906
2022-06-24 13:00:00,2022-06-25 06:00:00,BUY,1.082993799293597,1.081865895714067,signal,0.1,0.7000000000000001,-11.979035795299652
2022-06-25 06:00:00,2022-06-25 07:00:00,SELL,1.081865895714067,1.082186791462381,signal,0.1,0.7000000000000001,-3.908957483140651
2022-06-25 07:00:00,2022-06-25 16:00:00,BUY,1.082186791462381,1.0818086074725475,signal,0.1,0.7000000000000001,-4.481839898335804
2022-06-25 16:00:00,2022-06-26 05:00:00,SELL,1.0818086074725475,1.082868106248,sl,0.1,0.7000000000000001,-11.294987754524167
2022-06-26 06:00:00,2022-06-27 00:00:00,BUY,1.0833628706114968,1.082251062306106,sl,0.1,0.7000000000000001,-11.818083053909266
2022-06-27 02:00:00,2022-06-27 11:00:00,SELL,1.0814904392245688,1.0824783195008723,sl,0.1,0.7000000000000001,-10.578802763034767
2022-06-27 22:00:00,2022-06-27 23:00:00,BUY,1.0828237235469886,1.0819736821275356,sl,0.1,0.7000000000000001,-9.200414194529959
2022-06-28 01:00:00,2022-06-28 04:00:00,SELL,1.081877747782516,1.0827189458260482,sl,0.1,0.7000000000000001,-9.111980435321097
2022-06-28 05:00:00,2022-06-28 10:00:00,BUY,1.082763571915937,1.0818644942565654,sl,0.1,0.7000000000000001,-9.690776593715833
2022-06-28 11:00:00,2022-06-28 16:00:00,SELL,1.0814872624814533,1.0825064913057902,sl,0.1,0.7000000000000001,-10.892288243369151
2022-06-28 21:00:00,2022-06-29 05:00:00,BUY,1.0827334567407099,1.0841653887259657,tp,0.1,0.7000000000000001,13.619319852558188
2022-06-30 18:00:00,2022-06-30 23:00:00,SELL,1.0842103760650932,1.0859763597744754,sl,0.1,0.7000000000000001,-18.359837093821906
2022-07-01 09:00:00,2022-07-01 12:00:00,BUY,1.0889440773302488,1.087046882193724,sl,0.1,0.7000000000000001,-19.671951365247544
2022-07-03 21:00:00,2022-07-04 03:00:00,SELL,1.089720103452118,1.0909559618222473,sl,0.1,0.7000000000000001,-13.058583701292946
2022-07-04 04:00:00,2022-07-04 20:00:00,BUY,1.090935374889397,1.0896311478970002,sl,0.1,0.7000000000000001,-13.742269923968507
2022-07-04 21:00:00,2022-07-05 17:00:00,SELL,1.0894622137630265,1.0879469116916043,tp,0.1,0.7000000000000001,14.453020714222534
2022-07-06 13:00:00,2022-07-06 15:00:00,BUY,1.0895652057162384,1.0887961451136499,sl,0.1,0.7000000000000001,-8.390606025885228
2022-07-08 13:00:00,2022-07-08 17:00:00,SELL,1.0896550599615045,1.0907772020113222,sl,0.1,0.7000000000000001,-11.921420498177536
2022-07-08 21:00:00,2022-07-08 21:00:00,BUY,1.0928192399364232,1.0914419444785433,sl,0.1,0.7000000000000001,-14.472954578799014
2022-07-09 08:00:00,2022-07-09 11:00:00,SELL,1.0889681771114756,1.091006145019077,sl,0.1,0.7000000000000001,-21.079679076012457
2022-07-10 04:00:00,2022-07-12 05:00:00,BUY,1.0915001871641077,1.098485520581397,tp,0.1,0.7000000000000001,69.15333417289352
2022-07-13 08:00:00,2022-07-14 22:00:00,SELL,1.0969755853265524,1.0972609405869846,signal,0.1,0.7000000000000001,-3.55355260432274
2022-07-14 22:00:00,2022-07-15 04:00:00,BUY,1.0972609405869846,1.0953319002427078,sl,0.1,0.7000000000000001,-19.990403442768777
2022-07-15 06:00:00,2022-07-15 07:00:00,SELL,1.0928434574593069,1.0948812055968378,sl,0.1,0.7000000000000001,-21.077481375308817
2022-07-15 10:00:00,2022-07-15 17:00:00,BUY,1.0972705452815927,1.0950544878333437,sl,0.1,0.7000000000000001,-22.860574482490428
2022-07-15 19:00:00,2022-07-16 07:00:00,SELL,1.095050484345501,1.0975291080486707,signal,0.1,0.7000000000000001,-25.48623703169758
2022-07-16 07:00:00,2022-07-16 07:00:00,BUY,1.0975291080486707,1.0945178783559857,sl,0.1,0.7000000000000001,-30.81229692684969
2022-07-16 09:00:00,2022-07-16 17:00:00,SELL,1.0947527622813744,1.0897576799614912,tp,0.1,0.7000000000000001,49.25082319883215
2022-07-18 11:00:00,2022-07-18 11:00:00,BUY,1.0888401181908405,1.0863888846093575,sl,0.1,0.7000000000000001,-25.212335814830254
2022-07-18 13:00:00,2022-07-19 21:00:00,SELL,1.0851735982164086,1.0858886504235026,signal,0.1,0.7000000000000001,-7.850522070940025
2022-07-19 21:00:00,2022-07-20 06:00:00,BUY,1.0858886504235026,1.0851861456612657,signal,0.1,0.7000000000000001,-7.725047622368774
2022-07-20 06:00:00,2022-07-20 09:00:00,SELL,1.0851861456612657,1.0855538349962546,signal,0.1,0.7000000000000001,-4.376893349888744
2022-07-20 09:00:00,2022-07-20 13:00:00,BUY,1.0855538349962546,1.085019607797358,signal,0.1,0.7000000000000001,-6.042271988966196
2022-07-20 13:00:00,2022-07-21 02:00:00,SELL,1.085019607797358,1.0855939162544095,signal,0.1,0.7000000000000001,-6.443084570515311
2022-07-21 02:00:00,2022-07-21 08:00:00,BUY,1.0855939162544095,1.0861612381890884,tp,0.1,0.7000000000000001,4.973219346788993
2022-07-24 09:00:00,2022-07-24 11:00:00,SELL,1.0892472668329727,1.086675351498,tp,0.1,0.7000000000000001,25.01915334972586
2022-07-25 09:00:00,2022-07-25 22:00:00,BUY,1.089874132379867,1.0923466499735723,tp,0.1,0.7000000000000001,24.025175937052595
2022-07-26 13:00:00,2022-07-26 18:00:00,SELL,1.0861106110866527,1.0893092288946218,sl,0.1,0.7000000000000001,-32.6861780796904
2022-07-27 03:00:00,2022-07-27 12:00:00,BUY,1.0900479613239422,1.088718579155866,signal,0.1,0.7000000000000001,-13.993821680762096
2022-07-27 12:00:00,2022-07-27 19:00:00,SELL,1.088718579155866,1.0908599740733185,signal,0.1,0.7000000000000001,-22.11394917452466
2022-07-27 19:00:00,2022-07-28 05:00:00,BUY,1.0908599740733185,1.094150416984908,tp,0.1,0.7000000000000001,32.20442911589419
2022-07-30 21:00:00,2022-07-31 08:00:00,SELL,1.0933682289928366,1.0915821370662417,tp,0.1,0.7000000000000001,17.160919265948465
2022-08-01 09:00:00,2022-08-03 19:00:00,BUY,1.0931336713812578,1.0932639750603752,signal,0.1,0.7000000000000001,0.6030367911737172
2022-08-03 19:00:00,2022-08-03 20:00:00,SELL,1.0932639750603752,1.093589339348595,sl,0.1,0.7000000000000001,-3.9536428821972054
2022-08-03 22:00:00,2022-08-04 03:00:00,BUY,1.0937810332480866,1.0934137687469734,sl,0.1,0.7000000000000001,-4.372645011132403
2022-08-04 22:00:00,2022-08-05 03:00:00,SELL,1.092531150972591,1.0935736516214223,sl,0.1,0.7000000000000001,-11.125006488312682
2022-08-05 13:00:00,2022-08-06 13:00:00,BUY,1.094786628454392,1.0964137434037522,tp,0.1,0.7000000000000001,15.571149493602977
2022-08-07 23:00:00,2022-08-08 02:00:00,SELL,1.097275043037231,1.0985172957880398,sl,0.1,0.7000000000000001,-13.122527508089144
2022-08-08 04:00:00,2022-08-09 08:00:00,BUY,1.0986091022097002,1.10029983175461,tp,0.1,0.7000000000000001,16.20729544909786
2022-08-11 04:00:00,2022-08-11 04:00:00,SELL,1.1002183364287852,1.1010582786447696,sl,0.1,0.7000000000000001,-9.099422159843794
2022-08-11 10:00:00,2022-08-11 12:00:00,BUY,1.1021614066120524,1.1012259408373473,sl,0.1,0.7000000000000001,-10.054657747051575
2022-08-11 13:00:00,2022-08-11 18:00:00,SELL,1.1002904639409745,1.1014543449173209,sl,0.1,0.7000000000000001,-12.33880976346343
2022-08-11 22:00:00,2022-08-12 11:00:00,BUY,1.10175890175076,1.1035597751940927,tp,0.1,0.7000000000000001,17.30873443332574
2022-08-14 00:00:00,2022-08-14 03:00:00,SELL,1.105257282067439,1.1061897429803216,sl,0.1,0.7000000000000001,-10.024609128826821
2022-08-14 04:00:00,2022-08-15 06:00:00,BUY,1.1060935603700415,1.1055071894950865,signal,0.1,0.7000000000000001,-6.563708749549446
2022-08-15 06:00:00,2022-08-15 19:00:00,SELL,1.1055071894950865,1.1059189404903471,sl,0.1,0.7000000000000001,-4.817509952605847
2022-08-18 22:00:00,2022-08-19 08:00:00,BUY,1.1042597820525417,1.1036274909983446,sl,0.1,0.7000000000000001,-7.022910541971538
2022-08-19 10:00:00,2022-08-19 13:00:00,SELL,1.1028556820192343,1.103725517505193,sl,0.1,0.7000000000000001,-9.398354859586476
2022-08-21 01:00:00,2022-08-21 23:00:00,BUY,1.1029425640523394,1.1022458587125428,signal,0.1,0.7000000000000001,-7.667053397965995
2022-08-21 23:00:00,2022-08-22 12:00:00,SELL,1.1022458587125428,1.1003202166272148,tp,0.1,0.7000000000000001,18.55642085327972
2022-08-25 01:00:00,2022-08-25 11:00:00,BUY,1.1006840859487688,1.0993090033923696,sl,0.1,0.7000000000000001,-14.450825563991765
2022-08-25 14:00:00,2022-08-25 22:00:00,SELL,1.0990247364921146,1.0971391752913433,tp,0.1,0.7000000000000001,18.15561200771324
2022-08-26 21:00:00,2022-08-26 23:00:00,BUY,1.098929875860468,1.0961637745219228,sl,0.1,0.7000000000000001,-28.36101338545157
2022-08-27 01:00:00,2022-08-27 15:00:00,SELL,1.0940110942004353,1.0972348078864484,sl,0.1,0.7000000000000001,-32.937136860131524
2022-08-27 17:00:00,2022-08-27 19:00:00,BUY,1.0963266960269233,1.094760625555033,signal,0.1,0.7000000000000001,-16.360704718902795
2022-08-27 19:00:00,2022-08-28 06:00:00,SELL,1.094760625555033,1.096811114476626,signal,0.1,0.7000000000000001,-21.204889215928745
2022-08-28 06:00:00,2022-08-28 20:00:00,BUY,1.096811114476626,1.1000545309224208,tp,0.1,0.7000000000000001,31.73416445794845
2022-08-29 15:00:00,2022-08-29 18:00:00,SELL,1.0975862704037378,1.0964746474333267,tp,0.1,0.7000000000000001,10.416229704111192
2022-08-30 20:00:00,2022-08-30 20:00:00,BUY,1.0972631060000897,1.0958218437241842,sl,0.1,0.7000000000000001,-15.11262275905464
2022-08-30 22:00:00,2022-08-31 12:00:00,SELL,1.0947968363844056,1.0964432101066166,sl,0.1,0.7000000000000001,-17.163737222109923
2022-08-31 13:00:00,2022-08-31 22:00:00,BUY,1.096479034120244,1.095160109601831,sl,0.1,0.7000000000000001,-13.889245184128674
2022-09-01 00:00:00,2022-09-01 01:00:00,SELL,1.0949611257883725,1.096723597874483,sl,0.1,0.7000000000000001,-18.32472086110467
2022-09-01 02:00:00,2022-09-01 03:00:00,BUY,1.0970379161284611,1.0948586093146861,sl,0.1,0.7000000000000001,-22.49306813774984
2022-09-01 04:00:00,2022-09-01 11:00:00,SELL,1.0919280731796075,1.087908902013978,tp,0.1,0.7000000000000001,39.49171165629443
2022-09-02 11:00:00,2022-09-04 06:00:00,BUY,1.0921545577437388,1.0958004804771835,tp,0.1,0.7000000000000001,35.75922733444662
2022-09-06 01:00:00,2022-09-06 07:00:00,SELL,1.0962337373251116,1.0954664889206298,tp,0.1,0.7000000000000001,6.9724840448183505
2022-09-07 12:00:00,2022-09-07 14:00:00,BUY,1.09623135220312,1.0938871361475913,sl,0.1,0.7000000000000001,-24.14216055528703
2022-09-07 19:00:00,2022-09-07 22:00:00,SELL,1.091260536888741,1.0945574683344623,sl,0.1,0.7000000000000001,-33.66931445721408
2022-09-07 23:00:00,2022-09-08 06:00:00,BUY,1.0944006158381636,1.0921847520538521,signal,0.1,0.7000000000000001,-22.85863784311489
2022-09-08 06:00:00,2022-09-08 22:00:00,SELL,1.0921847520538521,1.093135975093381,signal,0.1,0.7000000000000001,-10.212230395287701
2022-09-08 22:00:00,2022-09-10 18:00:00,BUY,1.093135975093381,1.093467816629337,signal,0.1,0.7000000000000001,2.618415359561122
2022-09-10 18:00:00,2022-09-10 20:00:00,SELL,1.093467816629337,1.0940774924869148,signal,0.1,0.7000000000000001,-6.796758575777628
2022-09-10 20:00:00,2022-09-10 23:00:00,BUY,1.0940774924869148,1.0933797485027636,sl,0.1,0.7000000000000001,-7.677439841511225
2022-09-13 04:00:00,2022-09-13 07:00:00,SELL,1.0953889911170396,1.0974194294120496,sl,0.1,0.7000000000000001,-21.0043829501004
2022-09-13 11:00:00,2022-09-13 16:00:00,BUY,1.0997430298674329,1.0971152477916306,sl,0.1,0.7000000000000001,-26.977820758022762
2022-09-14 23:00:00,2022-09-15 02:00:00,SELL,1.0983251234853995,1.0930477244357288,tp,0.1,0.7000000000000001,52.073990496706166
2022-09-18 18:00:00,2022-09-19 00:00:00,BUY,1.0866603727083894,1.083090735007416,sl,0.1,0.7000000000000001,-36.39637700973516
2022-09-19 02:00:00,2022-09-19 12:00:00,SELL,1.0784966320829574,1.0724739142518471,tp,0.1,0.7000000000000001,59.52717831110302
2022-09-22 11:00:00,2022-09-22 21:00:00,BUY,1.0643177123799612,1.0668911885919607,tp,0.1,0.7000000000000001,25.03476211999548
2022-09-23 06:00:00,2022-09-23 06:00:00,SELL,1.0613303286163638,1.0579393016820244,tp,0.1,0.7000000000000001,33.21026934339347
2022-09-25 10:00:00,2022-09-26 14:00:00,BUY,1.0543517106521934,1.0527322428060364,sl,0.1,0.7000000000000001,-16.894678461569633
2022-09-26 15:00:00,2022-09-26 17:00:00,SELL,1.0527082361698992,1.0539526778186157,sl,0.1,0.7000000000000001,-13.144416487165099
2022-09-29 01:00:00,2022-09-30 06:00:00,BUY,1.0506200836911381,1.052386874092496,tp,0.1,0.7000000000000001,16.96790401357854
2022-10-01 22:00:00,2022-10-02 04:00:00,SELL,1.05155294883327,1.0528482895379354,sl,0.1,0.7000000000000001,-13.653407046654152
2022-10-02 23:00:00,2022-10-03 14:00:00,BUY,1.0550648626125962,1.0529493980516182,sl,0.1,0.7000000000000001,-21.854645609779976
2022-10-03 21:00:00,2022-10-03 22:00:00,SELL,1.0531863382279263,1.055059423522074,sl,0.1,0.7000000000000001,-19.430852941477582
2022-10-03 23:00:00,2022-10-03 23:00:00,BUY,1.0566510051633042,1.0544502947323258,sl,0.1,0.7000000000000001,-22.707104309784697
2022-10-04 05:00:00,2022-10-04 11:00:00,SELL,1.0534451222411045,1.0499526341982386,tp,0.1,0.7000000000000001,34.22488042865948
2022-10-05 02:00:00,2022-10-05 08:00:00,BUY,1.0538099575812563,1.0520112146629574,sl,0.1,0.7000000000000001,-18.687429182988456
2022-10-05 13:00:00,2022-10-05 15:00:00,SELL,1.0518685202772164,1.0534426250499078,sl,0.1,0.7000000000000001,-16.441047726913762
2022-10-05 16:00:00,2022-10-05 19:00:00,BUY,1.053130072249534,1.0553725288410014,tp,0.1,0.7000000000000001,21.724565914673793
2022-10-06 06:00:00,2022-10-07 06:00:00,SELL,1.0514709617728695,1.051973752376817,signal,0.1,0.7000000000000001,-5.727906039474228
2022-10-07 06:00:00,2022-10-07 11:00:00,BUY,1.051973752376817,1.0507615932344172,sl,0.1,0.7000000000000001,-12.821591423996935
2022-10-07 12:00:00,2022-10-07 12:00:00,SELL,1.0507325432768246,1.0519096699752608,sl,0.1,0.7000000000000001,-12.471266984361705
2022-10-07 14:00:00,2022-10-07 15:00:00,BUY,1.0531733382861426,1.0517910086492062,sl,0.1,0.7000000000000001,-14.523296369364079
2022-10-07 18:00:00,2022-10-07 20:00:00,SELL,1.0506949686548663,1.0522134039452644,sl,0.1,0.7000000000000001,-15.884352903980792
2022-10-07 21:00:00,2022-10-08 04:00:00,BUY,1.0528640932789362,1.0552061490506812,tp,0.1,0.7000000000000001,22.720557717450664
2022-10-09 03:00:00,2022-10-09 09:00:00,SELL,1.0536403628380269,1.0547662700273066,sl,0.1,0.7000000000000001,-11.9590718927974
2022-10-09 13:00:00,2022-10-09 21:00:00,BUY,1.0547434339488346,1.0538185031668552,sl,0.1,0.7000000000000001,-9.94930781979416
2022-10-09 22:00:00,2022-10-10 12:00:00,SELL,1.0536021728513212,1.0521610264868013,tp,0.1,0.7000000000000001,13.711463645198632
2022-10-11 18:00:00,2022-10-11 21:00:00,BUY,1.0537252941371864,1.0519526787946623,sl,0.1,0.7000000000000001,-18.42615342524153
2022-10-12 00:00:00,2022-10-12 02:00:00,SELL,1.0494177651402452,1.051537790524765,sl,0.1,0.7000000000000001,-21.900253845197195
2022-10-13 08:00:00,2022-10-13 12:00:00,BUY,1.0509944674264917,1.0534760603636817,tp,0.1,0.7000000000000001,24.115929371899696
2022-10-17 17:00:00,2022-10-18 02:00:00,SELL,1.057909670847284,1.0585968368191458,sl,0.1,0.7000000000000001,-7.57165971861914
2022-10-18 07:00:00,2022-10-18 12:00:00,BUY,1.0591722354090887,1.0579129952662847,sl,0.1,0.7000000000000001,-13.292401428039856
2022-10-18 15:00:00,2022-10-18 22:00:00,SELL,1.0565187680277164,1.0585077383989352,sl,0.1,0.7000000000000001,-20.589703712188122
2022-10-19 01:00:00,2022-10-19 16:00:00,BUY,1.0609361534997483,1.058632022485762,sl,0.1,0.7000000000000001,-23.7413101398641
2022-10-21 07:00:00,2022-10-21 15:00:00,SELL,1.0618898620783883,1.057657195147457,tp,0.1,0.7000000000000001,41.62666930931384
2022-10-24 11:00:00,2022-10-24 11:00:00,BUY,1.0546927492971985,1.0529262539758688,sl,0.1,0.7000000000000001,-18.36495321329664
2022-10-24 12:00:00,2022-10-26 14:00:00,SELL,1.0520512138908071,1.0525788234234854,signal,0.1,0.7000000000000001,-5.976095326782748
2022-10-26 14:00:00,2022-10-26 22:00:00,BUY,1.0525788234234854,1.050454318858091,sl,0.1,0.7000000000000001,-21.945045653943694
2022-10-26 23:00:00,2022-10-28 07:00:00,SELL,1.0503017130436536,1.051091479591363,signal,0.1,0.7000000000000001,-8.597665477094584
2022-10-28 07:00:00,2022-10-28 23:00:00,BUY,1.051091479591363,1.049499070092163,sl,0.1,0.7000000000000001,-16.624094992001428
2022-10-29 01:00:00,2022-10-29 03:00:00,SELL,1.0496505778904415,1.0507715859942865,sl,0.1,0.7000000000000001,-11.91008103845078
2022-10-29 04:00:00,2022-10-30 03:00:00,BUY,1.0510778908066483,1.0527638234687762,tp,0.1,0.7000000000000001,16.159326621279092
2022-10-30 21:00:00,2022-10-30 23:00:00,SELL,1.0505253843031095,1.0518345825917186,sl,0.1,0.7000000000000001,-13.791982886090926
2022-10-31 04:00:00,2022-10-31 16:00:00,BUY,1.053112491310507,1.0546981632037862,tp,0.1,0.7000000000000001,15.156718932791836
2022-11-02 13:00:00,2022-11-02 23:00:00,SELL,1.0546015097598969,1.0551284831926795,sl,0.1,0.7000000000000001,-5.969734327826292
2022-11-03 01:00:00,2022-11-03 18:00:00,BUY,1.0552920072640568,1.0563610611838685,tp,0.1,0.7000000000000001,9.990539198117135
2022-11-04 08:00:00,2022-11-04 12:00:00,SELL,1.0553239692950944,1.0541663857980919,tp,0.1,0.7000000000000001,10.87583497002568
2022-11-06 00:00:00,2022-11-06 03:00:00,BUY,1.0543242449997017,1.0535585787161612,sl,0.1,0.7000000000000001,-8.356662835404672
2022-11-06 08:00:00,2022-11-06 22:00:00,SELL,1.0531863563966195,1.0538411810905073,sl,0.1,0.7000000000000001,-7.248246938877789
2022-11-07 00:00:00,2022-11-07 00:00:00,BUY,1.0536641010458525,1.0531888745791413,sl,0.1,0.7000000000000001,-5.45226466711165
2022-11-08 00:00:00,2022-11-08 02:00:00,SELL,1.0528779895141174,1.051969621090904,tp,0.1,0.7000000000000001,8.383684232134017
2022-11-08 20:00:00,2022-11-09 08:00:00,BUY,1.0532736646194358,1.0521821601148673,sl,0.1,0.7000000000000001,-11.61504504568519
2022-11-09 09:00:00,2022-11-10 01:00:00,SELL,1.0521741843138235,1.0513554277511477,tp,0.1,0.7000000000000001,7.487565626758264
2022-11-10 10:00:00,2022-11-10 16:00:00,BUY,1.0530892913054648,1.0541484662082021,tp,0.1,0.7000000000000001,9.891749027373255
2022-11-13 02:00:00,2022-11-13 14:00:00,SELL,1.0545179215560114,1.0513157895954583,tp,0.1,0.7000000000000001,31.321319605530785
2022-11-14 21:00:00,2022-11-15 11:00:00,BUY,1.053097398034851,1.0522773113275699,sl,0.1,0.7000000000000001,-8.900867072811758
2022-11-15 13:00:00,2022-11-15 13:00:00,SELL,1.0514990584476105,1.052440333221323,sl,0.1,0.7000000000000001,-10.112747737125304
2022-11-15 19:00:00,2022-11-16 07:00:00,BUY,1.0529179116203333,1.0546449899266253,tp,0.1,0.7000000000000001,16.570783062919293
2022-11-17 19:00:00,2022-11-18 03:00:00,SELL,1.0555030909665875,1.0540428331115248,tp,0.1,0.7000000000000001,13.902578550626522
2022-11-20 11:00:00,2022-11-20 14:00:00,BUY,1.0526704053161333,1.05103861163683,signal,0.1,0.7000000000000001,-17.017936793033282
2022-11-20 14:00:00,2022-11-20 14:00:00,SELL,1.05103861163683,1.0459067154390491,tp,0.1,0.7000000000000001,50.618961977808716
2022-11-22 14:00:00,2022-11-22 16:00:00,BUY,1.0419913210847558,1.0413269714448006,signal,0.1,0.7000000000000001,-7.343496399552085
2022-11-22 16:00:00,2022-11-22 18:00:00,SELL,1.0413269714448006,1.0419183292419338,signal,0.1,0.7000000000000001,-6.613577971332629
2022-11-22 18:00:00,2022-11-22 19:00:00,BUY,1.0419183292419338,1.0410583475573303,signal,0.1,0.7000000000000001,-9.299816846035501
2022-11-22 19:00:00,2022-11-23 02:00:00,SELL,1.0410583475573303,1.039071811695674,tp,0.1,0.7000000000000001,19.165358616562024
2022-11-24 06:00:00,2022-11-24 07:00:00,BUY,1.0401518114870882,1.0387606434151382,sl,0.1,0.7000000000000001,-14.611680719500551
2022-11-24 11:00:00,2022-11-25 14:00:00,SELL,1.0379458167882456,1.038221035058674,signal,0.1,0.7000000000000001,-3.452182704284234
2022-11-25 14:00:00,2022-11-25 16:00:00,BUY,1.038221035058674,1.0373475312138987,signal,0.1,0.7000000000000001,-9.435038447753584
2022-11-25 16:00:00,2022-11-25 17:00:00,SELL,1.0373475312138987,1.037967931534458,signal,0.1,0.7000000000000001,-6.904003205594333
2022-11-25 17:00:00,2022-11-25 20:00:00,BUY,1.037967931534458,1.0399157458559225,tp,0.1,0.7000000000000001,18.778143214644032
2022-11-27 02:00:00,2022-11-27 03:00:00,SELL,1.0383841748134064,1.0402606255105002,sl,0.1,0.7000000000000001,-19.464506970938565
2022-11-27 06:00:00,2022-11-28 03:00:00,BUY,1.0404676998764766,1.0431474492211554,tp,0.1,0.7000000000000001,26.097493446788505
2022-11-28 22:00:00,2022-11-30 15:00:00,SELL,1.0395063341329573,1.0392201800418792,signal,0.1,0.7000000000000001,2.1615409107812793
2022-11-30 15:00:00,2022-12-01 05:00:00,BUY,1.0392201800418792,1.0407482893140656,tp,0.1,0.7000000000000001,14.581092721863843
2022-12-02 18:00:00,2022-12-02 23:00:00,SELL,1.0407046293196196,1.0381158996222555,tp,0.1,0.7000000000000001,25.18729697364123
2022-12-03 19:00:00,2022-12-05 06:00:00,BUY,1.0416313712523513,1.040963029700819,signal,0.1,0.7000000000000001,-7.3834155153228105
2022-12-05 06:00:00,2022-12-05 12:00:00,SELL,1.040963029700819,1.0387739690294562,tp,0.1,0.7000000000000001,21.190606713628192
2022-12-06 09:00:00,2022-12-06 10:00:00,BUY,1.0399344750026167,1.038636885126189,signal,0.1,0.7000000000000001,-13.67589876427807
2022-12-06 10:00:00,2022-12-06 12:00:00,SELL,1.038636885126189,1.0414777742713819,sl,0.1,0.7000000000000001,-29.10889145192982
2022-12-06 13:00:00,2022-12-06 17:00:00,BUY,1.041302974941442,1.045790800900734,tp,0.1,0.7000000000000001,44.1782595929198
2022-12-10 18:00:00,2022-12-11 03:00:00,SELL,1.0563339325077885,1.0577357621809862,sl,0.1,0.7000000000000001,-14.718296731976853
2022-12-11 04:00:00,2022-12-11 08:00:00,BUY,1.0576819164110385,1.05680634486119,signal,0.1,0.7000000000000001,-9.455715498485194
2022-12-11 08:00:00,2022-12-11 11:00:00,SELL,1.05680634486119,1.0574501789948905,signal,0.1,0.7000000000000001,-7.138341337005049
2022-12-11 11:00:00,2022-12-11 13:00:00,BUY,1.0574501789948905,1.056569686705895,sl,0.1,0.7000000000000001,-9.504922889955603
2022-12-11 14:00:00,2022-12-11 17:00:00,SELL,1.0563919962812225,1.0573009897831671,sl,0.1,0.7000000000000001,-9.789935019446215
2022-12-12 07:00:00,2022-12-12 11:00:00,BUY,1.0575514287746757,1.0594691149999527,tp,0.1,0.7000000000000001,18.476862252769934
2022-12-15 11:00:00,2022-12-15 16:00:00,SELL,1.0628999493785583,1.0646549037415587,sl,0.1,0.7000000000000001,-18.249543630004382
2022-12-15 18:00:00,2022-12-17 02:00:00,BUY,1.0643542214944333,1.0644078381650526,signal,0.1,0.7000000000000001,-0.16383329380683598
2022-12-17 02:00:00,2022-12-17 10:00:00,SELL,1.0644078381650526,1.0628236531007011,tp,0.1,0.7000000000000001,15.14185064351429
2022-12-19 07:00:00,2022-12-19 18:00:00,BUY,1.062043434022484,1.0634134313208414,tp,0.1,0.7000000000000001,12.999972983574061
2022-12-21 13:00:00,2022-12-22 07:00:00,SELL,1.06303646351225,1.0618780674300945,tp,0.1,0.7000000000000001,10.883960821555108
2022-12-24 23:00:00,2022-12-25 05:00:00,BUY,1.0591713754983156,1.0606108419184725,tp,0.1,0.7000000000000001,13.694664201569099
2022-12-27 22:00:00,2022-12-28 00:00:00,SELL,1.063903473187508,1.0653095711504412,sl,0.1,0.7000000000000001,-14.760979629331171
2022-12-28 01:00:00,2022-12-28 04:00:00,BUY,1.0660416742073895,1.064520521279144,sl,0.1,0.7000000000000001,-15.91152928245506
2022-12-28 07:00:00,2022-12-28 14:00:00,SELL,1.0635517301159783,1.0654240068326406,sl,0.1,0.7000000000000001,-19.422767166623466
2022-12-28 16:00:00,2022-12-28 17:00:00,BUY,1.0659660476752628,1.06399123911994,signal,0.1,0.7000000000000001,-20.448085553228378
2022-12-28 17:00:00,2022-12-29 07:00:00,SELL,1.06399123911994,1.0653502329903073,signal,0.1,0.7000000000000001,-14.289938703673087
2022-12-29 07:00:00,2022-12-29 22:00:00,BUY,1.0653502329903073,1.0641229299070458,signal,0.1,0.7000000000000001,-12.973030832614663
2022-12-29 22:00:00,2022-12-29 23:00:00,SELL,1.0641229299070458,1.0656680228731938,sl,0.1,0.7000000000000001,-16.150929661480205
2022-12-30 00:00:00,2022-12-30 04:00:00,BUY,1.0657191649513602,1.064148857258731,sl,0.1,0.7000000000000001,-16.40307692629225
2022-12-30 05:00:00,2022-12-30 16:00:00,SELL,1.0641082500573549,1.062060749786217,tp,0.1,0.7000000000000001,19.77500271137981
2022-12-31 06:00:00,2022-12-31 10:00:00,BUY,1.0655526275699845,1.0680466660558485,tp,0.1,0.7000000000000001,24.240384858640475
2022-12-31 20:00:00,2022-12-31 22:00:00,SELL,1.0595864193857638,1.0619055212552813,sl,0.1,0.7000000000000001,-23.89101869517448
2023-01-01 07:00:00,2023-01-01 10:00:00,BUY,1.0654714718423302,1.072210642869343,tp,0.1,0.7000000000000001,66.69171027012825
2023-01-02 07:00:00,2023-01-02 14:00:00,SELL,1.063271915675469,1.0696700242808976,sl,0.1,0.7000000000000001,-64.68108605428554
2023-01-02 17:00:00,2023-01-03 10:00:00,BUY,1.0734545814046719,1.0688391832916853,signal,0.1,0.7000000000000001,-46.853981129866135
2023-01-03 10:00:00,2023-01-07 01:00:00,SELL,1.0688391832916853,1.0597928806371557,tp,0.1,0.7000000000000001,89.76302654529547
2023-01-08 07:00:00,2023-01-09 12:00:00,BUY,1.061788480786994,1.060163256478577,sl,0.1,0.7000000000000001,-16.952243084169393
2023-01-09 14:00:00,2023-01-09 14:00:00,SELL,1.0602103857216854,1.0625877384943463,sl,0.1,0.7000000000000001,-24.473527726609344
2023-01-09 16:00:00,2023-01-09 17:00:00,BUY,1.0645163729158158,1.0617525973424267,sl,0.1,0.7000000000000001,-28.33775573389138
2023-01-09 18:00:00,2023-01-10 00:00:00,SELL,1.058928035002409,1.0543510779402365,tp,0.1,0.7000000000000001,45.069570621725376
2023-01-12 00:00:00,2023-01-12 07:00:00,BUY,1.054625809268142,1.0567354675038025,tp,0.1,0.7000000000000001,20.39658235660561
2023-01-13 09:00:00,2023-01-13 13:00:00,SELL,1.054313418679551,1.0553090958631837,sl,0.1,0.7000000000000001,-10.656771836325817
2023-01-14 12:00:00,2023-01-15 12:00:00,BUY,1.0568780296997262,1.0595294545898135,tp,0.1,0.7000000000000001,25.814248900872954
2023-01-16 08:00:00,2023-01-16 11:00:00,SELL,1.0572987612828586,1.0561526084314203,tp,0.1,0.7000000000000001,10.761528514382649
2023-01-17 21:00:00,2023-01-18 04:00:00,BUY,1.0571022327071895,1.0563105526580634,sl,0.1,0.7000000000000001,-8.616800491261088
2023-01-18 05:00:00,2023-01-18 05:00:00,SELL,1.0560452413206713,1.0568048995122359,sl,0.1,0.7000000000000001,-8.296581915645385
2023-01-18 06:00:00,2023-01-18 07:00:00,BUY,1.0574028063000815,1.0586144221540887,tp,0.1,0.7000000000000001,11.416158540071978
2023-01-19 21:00:00,2023-01-19 23:00:00,SELL,1.0565822906164812,1.0582177529334929,sl,0.1,0.7000000000000001,-17.054623170116155
2023-01-20 03:00:00,2023-01-20 10:00:00,BUY,1.0593437460190154,1.0573079605532798,sl,0.1,0.7000000000000001,-21.057854657355733
2023-01-20 11:00:00,2023-01-21 01:00:00,SELL,1.057972880392558,1.0548951133328426,tp,0.1,0.7000000000000001,30.077670597155194
2023-01-23 19:00:00,2023-01-24 07:00:00,BUY,1.038015636462239,1.0361935217088016,signal,0.1,0.7000000000000001,-18.921147534374093
2023-01-24 07:00:00,2023-01-25 08:00:00,SELL,1.0361935217088016,1.0375518736270959,sl,0.1,0.7000000000000001,-14.283519182942538
2023-01-25 09:00:00,2023-01-25 12:00:00,BUY,1.037780275928263,1.0366826929481232,sl,0.1,0.7000000000000001,-11.67582980139844
2023-01-26 06:00:00,2023-01-26 07:00:00,SELL,1.0350517086915134,1.0334242532017268,tp,0.1,0.7000000000000001,15.574554897866001
2023-01-26 21:00:00,2023-01-26 23:00:00,BUY,1.0369604824006973,1.0346382544425756,sl,0.1,0.7000000000000001,-23.922279581216475
2023-01-27 00:00:00,2023-01-27 04:00:00,SELL,1.0329970840162759,1.0358213051411898,sl,0.1,0.7000000000000001,-28.94221124913873
2023-01-27 23:00:00,2023-01-29 00:00:00,BUY,1.035960502618282,1.0412126948210738,tp,0.1,0.7000000000000001,51.82192202791716
2023-01-29 16:00:00,2023-01-31 03:00:00,SELL,1.037801288810764,1.0338526511953154,tp,0.1,0.7000000000000001,38.786376154485026
2023-02-05 00:00:00,2023-02-05 07:00:00,BUY,1.0236794110259937,1.0280260237289074,tp,0.1,0.7000000000000001,42.766127029136996
2023-02-05 21:00:00,2023-02-05 22:00:00,SELL,1.0218610748235262,1.0243795845676158,signal,0.1,0.7000000000000001,-25.885097440896256
2023-02-05 22:00:00,2023-02-07 06:00:00,BUY,1.0243795845676158,1.031319485379714,tp,0.1,0.7000000000000001,68.69900812098277
2023-02-08 04:00:00,2023-02-08 13:00:00,SELL,1.029537751872762,1.0259166776506998,tp,0.1,0.7000000000000001,35.51074222062148
2023-02-09 18:00:00,2023-02-10 01:00:00,BUY,1.0293470144501229,1.025670553534102,sl,0.1,0.7000000000000001,-37.464609160209186
2023-02-10 03:00:00,2023-02-11 08:00:00,SELL,1.0245222489105603,1.026967900174355,signal,0.1,0.7000000000000001,-25.156512637947014
2023-02-11 08:00:00,2023-02-11 10:00:00,BUY,1.026967900174355,1.0250144999439896,sl,0.1,0.7000000000000001,-20.234002303653877
2023-02-16 15:00:00,2023-02-16 23:00:00,SELL,1.038423905857152,1.0370264446505102,tp,0.1,0.7000000000000001,13.274612066418591
2023-02-17 11:00:00,2023-02-17 18:00:00,BUY,1.039565025811992,1.038840716557558,sl,0.1,0.7000000000000001,-7.94309254434008
2023-02-18 13:00:00,2023-02-19 10:00:00,SELL,1.0387842390607522,1.037539894497331,tp,0.1,0.7000000000000001,11.743445634211515
2023-02-20 10:00:00,2023-02-22 04:00:00,BUY,1.038853472782031,1.042310691253178,tp,0.1,0.7000000000000001,33.87218471146995
2023-02-23 20:00:00,2023-02-23 22:00:00,SELL,1.0407718387593141,1.0418658671241874,sl,0.1,0.7000000000000001,-11.640283648732673
2023-02-24 02:00:00,2023-02-24 13:00:00,BUY,1.0432741640059826,1.0419946131460243,sl,0.1,0.7000000000000001,-13.495508599583449
2023-02-24 15:00:00,2023-02-24 17:00:00,SELL,1.0397746131596315,1.041957961994851,sl,0.1,0.7000000000000001,-22.53348835219423
2023-02-25 16:00:00,2023-02-25 20:00:00,BUY,1.0435257598549408,1.040976883182025,sl,0.1,0.7000000000000001,-26.188766729158118
2023-02-25 22:00:00,2023-02-26 15:00:00,SELL,1.038279656038064,1.040899442614892,sl,0.1,0.7000000000000001,-26.89786576828043
2023-02-26 16:00:00,2023-02-27 11:00:00,BUY,1.0412652415520811,1.044684511877006,tp,0.1,0.7000000000000001,33.4927032492495
2023-02-28 15:00:00,2023-02-28 21:00:00,SELL,1.0430285616863904,1.0411388762351348,tp,0.1,0.7000000000000001,18.19685451255563
2023-03-01 08:00:00,2023-03-01 12:00:00,BUY,1.044322519498486,1.0472811584136799,tp,0.1,0.7000000000000001,28.886389151938786
2023-03-02 19:00:00,2023-03-03 06:00:00,SELL,1.046409181908797,1.0474142338591874,sl,0.1,0.7000000000000001,-10.750519503903565
2023-03-04 00:00:00,2023-03-04 12:00:00,BUY,1.047652165666809,1.0466449322834404,sl,0.1,0.7000000000000001,-10.772333833686108
2023-03-04 13:00:00,2023-03-04 15:00:00,SELL,1.0464667647135377,1.0472831686875883,sl,0.1,0.7000000000000001,-8.864039740505834
2023-03-04 21:00:00,2023-03-05 11:00:00,BUY,1.04829972948522,1.0469457667947126,sl,0.1,0.7000000000000001,-14.23962690507471
2023-03-05 15:00:00,2023-03-05 16:00:00,SELL,1.0467037911537727,1.0487606533793152,sl,0.1,0.7000000000000001,-21.268622255425772
2023-03-05 20:00:00,2023-03-05 21:00:00,BUY,1.0506495338183715,1.0481546400674826,sl,0.1,0.7000000000000001,-25.64893750888849
2023-03-06 01:00:00,2023-03-06 02:00:00,SELL,1.0476870697043594,1.048617428361313,signal,0.1,0.7000000000000001,-10.00358656953567
2023-03-06 02:00:00,2023-03-07 09:00:00,BUY,1.048617428361313,1.0523119072640708,tp,0.1,0.7000000000000001,36.24478902757759
2023-03-08 03:00:00,2023-03-09 09:00:00,SELL,1.050909122366696,1.0521793083017459,signal,0.1,0.7000000000000001,-13.401859350499056
2023-03-09 09:00:00,2023-03-10 03:00:00,BUY,1.0521793083017459,1.0507544223903278,sl,0.1,0.7000000000000001,-14.948859114180944
2023-03-10 09:00:00,2023-03-11 07:00:00,SELL,1.0507235748488262,1.0481348574970255,tp,0.1,0.7000000000000001,25.187173518006627
2023-03-14 21:00:00,2023-03-15 06:00:00,BUY,1.04409591097871,1.042971243158899,sl,0.1,0.7000000000000001,-11.946678198109094
2023-03-15 08:00:00,2023-03-16 04:00:00,SELL,1.0424395519472125,1.0435318046189181,signal,0.1,0.7000000000000001,-11.622526717056513
2023-03-16 04:00:00,2023-03-16 08:00:00,BUY,1.0435318046189181,1.0449165838887897,tp,0.1,0.7000000000000001,13.147792698715723
2023-03-25 16:00:00,2023-03-25 21:00:00,SELL,1.064568565456212,1.0631645925555897,tp,0.1,0.7000000000000001,13.339729006223301
2023-03-26 21:00:00,2023-03-28 18:00:00,BUY,1.0651797989152145,1.0674825177084213,tp,0.1,0.7000000000000001,22.327187932067595
2023-03-30 12:00:00,2023-03-31 07:00:00,SELL,1.0684550922215836,1.0674659041942713,tp,0.1,0.7000000000000001,9.191880273122935
2023-04-03 23:00:00,2023-04-04 10:00:00,BUY,1.0654033801456069,1.0660133681498876,tp,0.1,0.7000000000000001,5.3998800428069265
2023-04-05 12:00:00,2023-04-06 11:00:00,SELL,1.0649326655593458,1.06293376313871,tp,0.1,0.7000000000000001,19.2890242063594
2023-04-08 02:00:00,2023-04-08 10:00:00,BUY,1.0625628576136803,1.0650313636835127,tp,0.1,0.7000000000000001,23.985060698323995
2023-04-10 15:00:00,2023-04-11 23:00:00,SELL,1.0639247534164933,1.0641574561482474,signal,0.1,0.7000000000000001,-3.0270273175413083
2023-04-11 23:00:00,2023-04-12 04:00:00,BUY,1.0641574561482474,1.065426264119667,tp,0.1,0.7000000000000001,11.988079714195944
2023-04-13 20:00:00,2023-04-13 23:00:00,SELL,1.065031725877352,1.0659435665351382,sl,0.1,0.7000000000000001,-9.81840657786156
2023-04-14 06:00:00,2023-04-14 11:00:00,BUY,1.0671034598136107,1.0656368001744663,sl,0.1,0.7000000000000001,-15.366596391443853
2023-04-15 17:00:00,2023-04-16 08:00:00,SELL,1.0672241103941094,1.0692021940149468,signal,0.1,0.7000000000000001,-20.48083620837401
2023-04-16 08:00:00,2023-04-18 08:00:00,BUY,1.0692021940149468,1.072034368037397,tp,0.1,0.7000000000000001,27.62174022450174
2023-04-22 11:00:00,2023-04-22 15:00:00,SELL,1.0812891080571745,1.0822217172053212,sl,0.1,0.7000000000000001,-10.026091481467457
2023-04-24 01:00:00,2023-04-25 04:00:00,BUY,1.081594174149477,1.080983018994994,signal,0.1,0.7000000000000001,-6.811551544829563
2023-04-25 04:00:00,2023-04-25 14:00:00,SELL,1.080983018994994,1.081712287002697,sl,0.1,0.7000000000000001,-7.99268007702899
2023-04-25 15:00:00,2023-04-26 00:00:00,BUY,1.0819998733481895,1.0811989022266872,sl,0.1,0.7000000000000001,-8.709711215022363
2023-04-27 12:00:00,2023-04-28 13:00:00,SELL,1.0806418598830436,1.083079804243221,signal,0.1,0.7000000000000001,-25.07944360177413
2023-04-28 13:00:00,2023-04-28 17:00:00,BUY,1.083079804243221,1.0806428592828166,sl,0.1,0.7000000000000001,-25.069449604044745
2023-04-28 20:00:00,2023-04-29 17:00:00,SELL,1.0784515479499488,1.081664743924872,sl,0.1,0.7000000000000001,-32.831959749233114
2023-04-29 18:00:00,2023-04-30 00:00:00,BUY,1.0812740797043043,1.0792035054139477,sl,0.1,0.7000000000000001,-21.405742903566193
2023-04-30 03:00:00,2023-04-30 05:00:00,SELL,1.0774799317601724,1.0796550926550466,sl,0.1,0.7000000000000001,-22.451608948741285
2023-04-30 09:00:00,2023-04-30 13:00:00,BUY,1.0818814841416908,1.0860824226061332,tp,0.1,0.7000000000000001,41.30938464442361
2023-05-01 04:00:00,2023-05-01 08:00:00,SELL,1.0779132794562711,1.0816536653211257,sl,0.1,0.7000000000000001,-38.1038586485459
2023-05-02 01:00:00,2023-05-02 02:00:00,BUY,1.0814109602730346,1.080344861147635,signal,0.1,0.7000000000000001,-11.360991253996776
2023-05-02 02:00:00,2023-05-02 11:00:00,SELL,1.080344861147635,1.075872799121007,tp,0.1,0.7000000000000001,44.020620266278655
2023-05-03 02:00:00,2023-05-04 12:00:00,BUY,1.0797270434304027,1.0831196772048064,tp,0.1,0.7000000000000001,33.22633774403686
2023-05-07 22:00:00,2023-05-09 12:00:00,SELL,1.0915054130978303,1.091718751278768,signal,0.1,0.7000000000000001,-2.8333818093771663
2023-05-09 12:00:00,2023-05-09 23:00:00,BUY,1.091718751278768,1.0924358119333817,tp,0.1,0.7000000000000001,6.4706065461363265
2023-05-10 18:00:00,2023-05-11 02:00:00,SELL,1.0906352004509534,1.0890456667540112,tp,0.1,0.7000000000000001,15.19533696942258
2023-05-12 14:00:00,2023-05-13 04:00:00,BUY,1.088145986630045,1.0912198278027898,tp,0.1,0.7000000000000001,30.038411727448956
2023-05-15 16:00:00,2023-05-15 18:00:00,SELL,1.0963100411895639,1.0987090428894704,sl,0.1,0.7000000000000001,-24.690016999064778
2023-05-15 19:00:00,2023-05-15 20:00:00,BUY,1.0992508164707548,1.0967289969147977,sl,0.1,0.7000000000000001,-25.918195559570943
2023-05-15 21:00:00,2023-05-17 03:00:00,SELL,1.0966645504834591,1.0965035534598375,signal,0.1,0.7000000000000001,0.9099702362160073
2023-05-17 03:00:00,2023-05-17 19:00:00,BUY,1.0965035534598375,1.0989353166674702,tp,0.1,0.7000000000000001,23.6176320763272
2023-05-18 21:00:00,2023-05-19 01:00:00,SELL,1.0992655595179857,1.0969718224236504,tp,0.1,0.7000000000000001,22.237370943352246
2023-05-19 13:00:00,2023-05-19 15:00:00,BUY,1.102824550013549,1.1090541698436343,tp,0.1,0.7000000000000001,61.59619830085298
2023-05-21 03:00:00,2023-05-22 05:00:00,SELL,1.1062518009370101,1.1082810585891136,sl,0.1,0.7000000000000001,-20.992576521034888
2023-05-22 06:00:00,2023-05-22 12:00:00,BUY,1.108441396779246,1.1063062824988172,sl,0.1,0.7000000000000001,-22.051142804286737
2023-05-22 16:00:00,2023-05-23 06:00:00,SELL,1.1051803851688862,1.1025258091563337,tp,0.1,0.7000000000000001,25.84576012552479
2023-05-25 23:00:00,2023-05-26 22:00:00,BUY,1.1006603567124964,1.1019186500304914,tp,0.1,0.7000000000000001,11.882933179949852
2023-05-27 14:00:00,2023-05-28 00:00:00,SELL,1.1003291666801136,1.0982759630458745,tp,0.1,0.7000000000000001,19.832036342391095
2023-06-01 19:00:00,2023-06-03 00:00:00,BUY,1.0773252073184711,1.076853553189915,signal,0.1,0.7000000000000001,-5.4165412855609825
2023-06-03 00:00:00,2023-06-03 11:00:00,SELL,1.076853553189915,1.0729937705951045,tp,0.1,0.7000000000000001,37.89782594810568
